Loại	Tên	Các loại phòng	Giá	Vị trí	Số đánh giá
Căn hộ chung cư · Vũng Tàu Melody	Vung Tau Milan Homestay 10 - Melody Seaview Apartment (A15-5)	8 khách · 2 Phòng ngủ · 1 phòng tắm	405,000₫/đêm 450,000₫	Vũng Tàu, Bà Rịa Vũng Tàu, Vietnam	12	
Nhà riêng	Secret Garden - Summer Room 300m to the beach	3 khách · 1 Phòng ngủ · 1 phòng tắm	350,000₫/đêm	Vũng Tàu, Bà Rịa Vũng Tàu, Vietnam	3	
Căn hộ Studio · Seaview Chí Linh	Luxury LaRomance Studio with sea view - Căn hộ sang trọng LaRomance hướng biển	4 khách · 1 Phòng ngủ · 1 phòng tắm	790,000₫/đêm	Vũng Tàu, Bà Rịa Vũng Tàu, Vietnam	19	
Căn hộ dịch vụ · Vũng Tàu Melody	Mây homestay Vũng Tàu	12 khách · 2 Phòng ngủ · 2 phòng tắm	540,000₫/đêm 600,000₫	Vũng Tàu, Bà Rịa Vũng Tàu, Vietnam	2	
Khác	RedDoorz Standard Room Next to Vung Tau BEACH - VT 2269	2 khách · 1 Phòng ngủ · 1 phòng tắm	232,000₫/đêm 290,000₫	Vũng Tàu, Bà Rịa Vũng Tàu, Vietnam	2	
Căn hộ chung cư	Gorgeous Seaview – Vung Tau Melody	2 khách · 1 Phòng ngủ · 1 phòng tắm	580,000₫/đêm	Vũng Tàu, Bà Rịa Vũng Tàu, Vietnam	15	
Nhà riêng	HOMESTAY SUNRISE NGUYÊN CĂN	30 khách · 6 Phòng ngủ · 7 phòng tắm	2,430,000₫/đêm 2,700,000₫	Vũng Tàu, Bà Rịa Vũng Tàu, Vietnam	1	
Căn hộ chung cư · Vũng Tàu Melody	Tomorrow Homestay Melody	10 khách · 2 Phòng ngủ · 2 phòng tắm	765,000₫/đêm 850,000₫	Vũng Tàu, Bà Rịa Vũng Tàu, Vietnam	5	
Nhà riêng	Ngõ Nhỏ Homestay	6 khách · 1 Phòng ngủ · 1 phòng tắm	300,000₫/đêm	Vũng Tàu, Bà Rịa Vũng Tàu, Vietnam	9	
Căn hộ chung cư · Vũng Tàu Melody	Biển Hạ House	6 khách · 2 Phòng ngủ · 2 phòng tắm	700,000₫/đêm	Vũng Tàu, Bà Rịa Vũng Tàu, Vietnam	2	
Căn hộ chung cư · Vũng Tàu Melody	Vung Tau Milan Homestay 3 - Melody Seaview Appartment	8 khách · 2 Phòng ngủ · 1 phòng tắm	405,000₫/đêm 450,000₫	Vũng Tàu, Bà Rịa Vũng Tàu, Vietnam	8	
Biệt Thự	Ruby Luxury Villa RL05 - D3 Blue Sapphire resort	20 khách · 5 Phòng ngủ · 5 phòng tắm	8,250,000₫/đêm	Vũng Tàu, Bà Rịa Vũng Tàu, Vietnam	8	
Biệt Thự	Vung Tau Beach Villa 4 phòng ngủ - Biệt thự biển Hà Gia 330m2 (có phòng 5 nếu cần )	20 khách · 4 Phòng ngủ · 3 phòng tắm	1,200,000₫/đêm 1,500,000₫	Vũng Tàu, Bà Rịa Vũng Tàu, Vietnam	25	
Căn hộ chung cư	Pooh Homestay 2 - Spacious Sea View	12 khách · 3 Phòng ngủ · 3 phòng tắm	1,800,000₫/đêm	Vũng Tàu, Bà Rịa Vũng Tàu, Vietnam	6	
Biệt Thự	An's Home	20 khách · 4 Phòng ngủ · 5 phòng tắm	850,000₫/đêm	Vũng Tàu, Bà Rịa Vũng Tàu, Vietnam	2	
Căn hộ dịch vụ	The Avis Apartments - Deluxe Exclusive	4 khách · 1 Phòng ngủ · 1 phòng tắm	900,000₫/đêm	Vũng Tàu, Bà Rịa Vũng Tàu, Vietnam	2	
Căn hộ dịch vụ · Vũng Tàu Melody	Cony's Home 2 - Seaview 1BR	6 khách · 1 Phòng ngủ · 1 phòng tắm	477,000₫/đêm 530,000₫	Vũng Tàu, Bà Rịa Vũng Tàu, Vietnam	6	
Căn hộ dịch vụ	VIKING House Single room 1	3 khách · 1 Phòng ngủ · 1 phòng tắm	150,000₫/đêm	Vũng Tàu, Bà Rịa Vũng Tàu, Vietnam	1	
Căn hộ chung cư	| NEN 3 | 23rd Floor, 75m2 All view to the beach	5 khách · 2 Phòng ngủ · 2 phòng tắm	1,000,000₫/đêm	Vũng Tàu, Bà Rịa Vũng Tàu, Vietnam	6	
Nhà riêng	An Homestay	20 khách · 3 Phòng ngủ · 4 phòng tắm	1,800,000₫/đêm	Vũng Tàu, Bà Rịa Vũng Tàu, Vietnam	7	
Khác	Seaview homestay Vũng Tàu - Phòng Gia đình view sân vườn đẹp	8 khách · 1 Phòng ngủ · 1 phòng tắm	769,000₫/đêm	Vũng Tàu, Bà Rịa Vũng Tàu, Vietnam	1	
Căn hộ chung cư	BlaBla Apartment 03 - Căn hộ 2 PN, gần biển	6 khách · 2 Phòng ngủ · 1 phòng tắm	342,000₫/đêm 380,000₫	Vũng Tàu, Bà Rịa Vũng Tàu, Vietnam	14	
Căn hộ chung cư	RedDoorz Family Cozy Room Next to Vung Tau BEACH - VT 2016	4 khách · 1 Phòng ngủ · 1 phòng tắm	400,000₫/đêm 500,000₫	Vũng Tàu, Bà Rịa Vũng Tàu, Vietnam	1	
Nhà riêng	Nhà Phố Núi - Virgo's Home	14 khách · 2 Phòng ngủ · 4 phòng tắm	560,000₫/đêm	Vũng Tàu, Bà Rịa Vũng Tàu, Vietnam	5	
Căn hộ chung cư · Blue Sapphire Resort Vũng Tàu	[BS.608] Căn hộ view biển - Hồ bơi miễn phí	8 khách · 2 Phòng ngủ · 2 phòng tắm	1,840,000₫/đêm 2,300,000₫	Vũng Tàu, Bà Rịa Vũng Tàu, Vietnam	4	
Căn hộ chung cư · Vũng Tàu Melody	Vung Tau Milan Homestay 9 - 3 bedroom Melody Apartment (B1-7)	13 khách · 3 Phòng ngủ · 2 phòng tắm	1,080,000₫/đêm 1,200,000₫	Vũng Tàu, Bà Rịa Vũng Tàu, Vietnam	8	
Biệt Thự · Blue Sapphire Resort Vũng Tàu	Ruby Luxury Villa RL08 - R7 Blue Sapphire resort	20 khách · 4 Phòng ngủ · 4 phòng tắm	4,940,000₫/đêm	Vũng Tàu, Bà Rịa Vũng Tàu, Vietnam	4	
Căn hộ chung cư · Vũng Tàu Melody	Vung Tau Milan Homestay 6 - Melody Queen Appartment	12 khách · 2 Phòng ngủ · 2 phòng tắm	585,000₫/đêm 650,000₫	Vũng Tàu, Bà Rịa Vũng Tàu, Vietnam	10	
Căn hộ chung cư · Vũng Tàu Melody	Bello House [View biển đẹp - Cách biển 3 phút đi bộ]	4 khách · 1 Phòng ngủ · 1 phòng tắm	400,000₫/đêm	Vũng Tàu, Bà Rịa Vũng Tàu, Vietnam	13	
Căn hộ dịch vụ	Chillin House Sandy - Oceanview Superior Apartment	6 khách · 1 Phòng ngủ · 1 phòng tắm	405,000₫/đêm 450,000₫	Vũng Tàu, Bà Rịa Vũng Tàu, Vietnam	15	
Căn hộ chung cư · Chung cư Vũng Tàu Plaza	Green House Vung Tau 2	20 khách · 3 Phòng ngủ · 3 phòng tắm	1,300,000₫/đêm	Vũng Tàu, Bà Rịa Vũng Tàu, Vietnam	1	
Biệt Thự	Villa Viet Home 1	30 khách · 6 Phòng ngủ · 6 phòng tắm	2,700,000₫/đêm	Vũng Tàu, Bà Rịa Vũng Tàu, Vietnam	6	
Căn hộ chung cư · Vũng Tàu Melody	Tomorrow Homestay Melody Luxury	12 khách · 2 Phòng ngủ · 2 phòng tắm	765,000₫/đêm 850,000₫	Vũng Tàu, Bà Rịa Vũng Tàu, Vietnam	2	
Nhà riêng	Den's House Big Room	6 khách · 1 Phòng ngủ · 2 phòng tắm	450,000₫/đêm 500,000₫	Vũng Tàu, Bà Rịa Vũng Tàu, Vietnam	2	
Căn hộ dịch vụ	MT House Mạc Đĩnh Chi	10 khách · 3 Phòng ngủ · 3 phòng tắm	2,000,000₫/đêm	Vũng Tàu, Bà Rịa Vũng Tàu, Vietnam	1	
Căn hộ chung cư	Cony's Home Melody 1 (2BR 2WC)	10 khách · 2 Phòng ngủ · 2 phòng tắm	540,000₫/đêm 600,000₫	Vũng Tàu, Bà Rịa Vũng Tàu, Vietnam	2	
Căn hộ chung cư · Vũng Tàu Melody	Hello Vũng Tàu	6 khách · 1 Phòng ngủ · 1 phòng tắm	1,550,000₫/đêm	Vũng Tàu, Bà Rịa Vũng Tàu, Vietnam	1	
Căn hộ dịch vụ	The Avis Apartment - Attic Double 202	2 khách · 1 Phòng ngủ · 1 phòng tắm	450,000₫/đêm	Vũng Tàu, Bà Rịa Vũng Tàu, Vietnam	12	
Căn hộ chung cư	Apartment Whith Balcony-Ocean View	8 khách · 2 Phòng ngủ · 2 phòng tắm	950,000₫/đêm	Vũng Tàu, Bà Rịa Vũng Tàu, Vietnam	11	
Căn hộ chung cư · Vũng Tàu Melody	Vung Tau Milan Homestay 5 - Melody Luxury Appartment	12 khách · 2 Phòng ngủ · 2 phòng tắm	585,000₫/đêm 650,000₫	Vũng Tàu, Bà Rịa Vũng Tàu, Vietnam	4	
Căn hộ chung cư · Vũng Tàu Melody	Vung Tau Milan Homestay 2 - B4-12 Melody Appartment (new)	8 khách · 2 Phòng ngủ · 1 phòng tắm	405,000₫/đêm 450,000₫	Vũng Tàu, Bà Rịa Vũng Tàu, Vietnam	7	
Căn hộ chung cư · Vũng Tàu Melody	Bông's House 3 bed room, 5mins walk to beach	15 khách · 3 Phòng ngủ · 2 phòng tắm	900,000₫/đêm	Vũng Tàu, Bà Rịa Vũng Tàu, Vietnam	2	
Nhà riêng	Kim Minh Home - Room 08	2 khách · 1 Phòng ngủ · 1 phòng tắm	900,000₫/đêm	Vũng Tàu, Bà Rịa Vũng Tàu, Vietnam	3	
Căn hộ chung cư	Symphony Homestay - Căn hộ hiện đại và rộng rãi (250m2, tầng 25, view đẹp)	15 khách · 3 Phòng ngủ · 4 phòng tắm	2,200,000₫/đêm	Vũng Tàu, Bà Rịa Vũng Tàu, Vietnam	3	
Nhà riêng	Secret Garden - Spring Room 300m to the beach	3 khách · 1 Phòng ngủ · 1 phòng tắm	350,000₫/đêm	Vũng Tàu, Bà Rịa Vũng Tàu, Vietnam	1	
Nhà riêng	Homestay 75 Võ Thị Sáu	15 khách · 3 Phòng ngủ · 4 phòng tắm	1,800,000₫/đêm	Vũng Tàu, Bà Rịa Vũng Tàu, Vietnam	14	
Biệt Thự	Halo Villa-01	20 khách · 6 Phòng ngủ · 7 phòng tắm	3,000,000₫/đêm	Vũng Tàu, Bà Rịa Vũng Tàu, Vietnam	1	
Căn hộ dịch vụ	The Avis Apartment - Attic Double 402	2 khách · 1 Phòng ngủ · 1 phòng tắm	450,000₫/đêm	Vũng Tàu, Bà Rịa Vũng Tàu, Vietnam	12	
Nhà riêng	BlaBla Orange 02	4 khách · 1 Phòng ngủ · 1 phòng tắm	216,000₫/đêm 240,000₫	Vũng Tàu, Bà Rịa Vũng Tàu, Vietnam	17	
Căn hộ chung cư	Peppermint House Vintage-Vung Tau	10 khách · 2 Phòng ngủ · 2 phòng tắm	500,000₫/đêm	Vũng Tàu, Bà Rịa Vũng Tàu, Vietnam	11	
Căn hộ dịch vụ	The Avis Apartments - Penthouse	10 khách · 2 Phòng ngủ · 2 phòng tắm	1,050,000₫/đêm	Vũng Tàu, Bà Rịa Vũng Tàu, Vietnam	3	
Căn hộ chung cư	Sea room - Jolie's Home	2 khách · 1 Phòng ngủ · 1 phòng tắm	665,000₫/đêm	Vũng Tàu, Bà Rịa Vũng Tàu, Vietnam	2	
Căn hộ dịch vụ · Vũng Tàu Melody	Chillin House Sunny - Oceanview Superior Apartment	8 khách · 2 Phòng ngủ · 2 phòng tắm	705,500₫/đêm 830,000₫	Vũng Tàu, Bà Rịa Vũng Tàu, Vietnam	7	
Biệt Thự	CLoudy Villa	25 khách · 4 Phòng ngủ · 5 phòng tắm	1,800,000₫/đêm 2,000,000₫	Vũng Tàu, Bà Rịa Vũng Tàu, Vietnam	1	
Căn hộ dịch vụ	Chillin House Windy - Oceanview Superior Apartment	8 khách · 2 Phòng ngủ · 1 phòng tắm	535,500₫/đêm 630,000₫	Vũng Tàu, Bà Rịa Vũng Tàu, Vietnam	4	
Biệt Thự	Villa Viet Home 3	30 khách · 6 Phòng ngủ · 4 phòng tắm	2,800,000₫/đêm	Vũng Tàu, Bà Rịa Vũng Tàu, Vietnam	2	
Căn hộ chung cư · Vũng Tàu Melody	Ocean Rhythm Home	6 khách · 2 Phòng ngủ · 2 phòng tắm	450,000₫/đêm	Vũng Tàu, Bà Rịa Vũng Tàu, Vietnam	1	
Căn hộ chung cư	Pooh Homestay 8 - infinite seaview	12 khách · 3 Phòng ngủ · 3 phòng tắm	1,400,000₫/đêm	Vũng Tàu, Bà Rịa Vũng Tàu, Vietnam	8	
Nhà riêng	Caravan Inn Homestay Vũng Tàu - Phòng dorm cho nhóm bạn & gia đình	15 khách · 1 Phòng ngủ · 3 phòng tắm	2,589,000₫/đêm	Vũng Tàu, Bà Rịa Vũng Tàu, Vietnam	2	
Biệt Thự · Blue Sapphire Resort Vũng Tàu	Ruby Luxury Villa RL06 - R12A Blue Sapphire resort	15 khách · 3 Phòng ngủ · 4 phòng tắm	4,940,000₫/đêm	Vũng Tàu, Bà Rịa Vũng Tàu, Vietnam	8	
Khác	Seaview homestay Vũng Tàu - Phòng Cabin nhỏ view sân vườn đẹp	2 khách · 1 Phòng ngủ · 1 phòng tắm	299,000₫/đêm	Vũng Tàu, Bà Rịa Vũng Tàu, Vietnam	1	
Nhà riêng	SAO VIỆT HOMESTAY-SAO VIỆT XVNT NHÀ RIÊNG SANG CHẢNH CÁCH BIỂN 700M	30 khách · 4 Phòng ngủ · 5 phòng tắm	1,390,000₫/đêm	Vũng Tàu, Bà Rịa Vũng Tàu, Vietnam	1	
Căn hộ chung cư	CozyHouse VungTau 2nd	8 khách · 2 Phòng ngủ · 2 phòng tắm	600,000₫/đêm	Vũng Tàu, Bà Rịa Vũng Tàu, Vietnam	2	
Nhà riêng	MiutiCarii HomeStay - Phòng Ban Công 2 ( 3 - 7 người )	7 khách · 1 Phòng ngủ · 1 phòng tắm	500,000₫/đêm	Vũng Tàu, Bà Rịa Vũng Tàu, Vietnam	2	
Căn hộ dịch vụ	The Avis Apartment - Attic Double 201	2 khách · 1 Phòng ngủ · 1 phòng tắm	450,000₫/đêm	Vũng Tàu, Bà Rịa Vũng Tàu, Vietnam	8	
Căn hộ chung cư	[A14.09]View biển - Cách Bãi Sau 5p đi bộ	7 khách · 1 Phòng ngủ · 1 phòng tắm	450,000₫/đêm 500,000₫	Vũng Tàu, Bà Rịa Vũng Tàu, Vietnam	2	
Biệt Thự	Ruby Luxury Villa RL01 - Sea view villa 81A Trần Phú	15 khách · 3 Phòng ngủ · 3 phòng tắm	7,880,000₫/đêm	Vũng Tàu, Bà Rịa Vũng Tàu, Vietnam	4	
Căn hộ chung cư	BlaBla Apartment 01 - Căn hộ 2PN, View biển tuyệt đẹp	8 khách · 2 Phòng ngủ · 2 phòng tắm	432,000₫/đêm 480,000₫	Vũng Tàu, Bà Rịa Vũng Tàu, Vietnam	22	
Nhà riêng	Babylon - Homestay nguyên căn 2 phòng ngủ sát biển Vũng Tàu	20 khách · 2 Phòng ngủ · 3 phòng tắm	398,000₫/đêm	Vũng Tàu, Bà Rịa Vũng Tàu, Vietnam	1	
Nhà riêng	Vung Tau Homestay for up to 10prs	10 khách · 4 Phòng ngủ · 3 phòng tắm	2,200,000₫/đêm	Vũng Tàu, Bà Rịa Vũng Tàu, Vietnam	1	
Căn hộ dịch vụ	Simba Apartment @2BR, Cozy&Relax, Amazing Seaview	10 khách · 2 Phòng ngủ · 2 phòng tắm	769,000₫/đêm	Vũng Tàu, Bà Rịa Vũng Tàu, Vietnam	4	
Căn hộ chung cư · Vũng Tàu Melody	RED SUN MELODY Apartment - 5 phút đi bộ ra biển- Gần highland coffee, vinmart, chợ nhỏ, quán ăn. Có bếp để nấu nướng tại căn hộ	6 khách · 2 Phòng ngủ · 1 phòng tắm	600,000₫/đêm	Vũng Tàu, Bà Rịa Vũng Tàu, Vietnam	2	
Căn hộ dịch vụ	The Avis Apartment - Deluxe Double 403	2 khách · 1 Phòng ngủ · 1 phòng tắm	550,000₫/đêm	Vũng Tàu, Bà Rịa Vũng Tàu, Vietnam	4	
Biệt Thự	Spring Villa	20 khách · 5 Phòng ngủ · 5 phòng tắm	2,400,000₫/đêm	Vũng Tàu, Bà Rịa Vũng Tàu, Vietnam	1	
Biệt Thự	GerberaHome - biệt thự Long Cung	23 khách · 6 Phòng ngủ · 6 phòng tắm	5,500,000₫/đêm	Vũng Tàu, Bà Rịa Vũng Tàu, Vietnam	1	
Căn hộ chung cư · Vũng Tàu Melody	Chillin House Cloudy - Oceanview Superior Apartment	8 khách · 2 Phòng ngủ · 2 phòng tắm	620,500₫/đêm 730,000₫	Vũng Tàu, Bà Rịa Vũng Tàu, Vietnam	3	
Căn hộ chung cư · Blue Sapphire Resort Vũng Tàu	[601]Căn hộ 3pn - Free Hồ bơi / Sát biển	10 khách · 3 Phòng ngủ · 3 phòng tắm	3,000,000₫/đêm	Vũng Tàu, Bà Rịa Vũng Tàu, Vietnam	3	
Biệt Thự · Blue Sapphire Resort Vũng Tàu	Ruby Luxury Villa - RL07 - R10 Blue Sapphire resort	15 khách · 3 Phòng ngủ · 4 phòng tắm	4,940,000₫/đêm	Vũng Tàu, Bà Rịa Vũng Tàu, Vietnam	11	
Căn hộ dịch vụ	The Avis Apartment - Deluxe Double 303	2 khách · 1 Phòng ngủ · 1 phòng tắm	550,000₫/đêm	Vũng Tàu, Bà Rịa Vũng Tàu, Vietnam	2	
Nhà riêng	Den's House	4 khách · 1 Phòng ngủ · 2 phòng tắm	337,500₫/đêm 375,000₫	Vũng Tàu, Bà Rịa Vũng Tàu, Vietnam	3	
Căn hộ chung cư	Electron room - Jolie's Home	2 khách · 1 Phòng ngủ · 1 phòng tắm	665,000₫/đêm	Vũng Tàu, Bà Rịa Vũng Tàu, Vietnam	2	
Biệt Thự	Villa Viet Home 8	30 khách · 5 Phòng ngủ · 4 phòng tắm	2,800,000₫/đêm	Vũng Tàu, Bà Rịa Vũng Tàu, Vietnam	1	
Căn hộ chung cư · Chung cư Vũng Tàu Plaza	Green House Vung Tau 1	15 khách · 2 Phòng ngủ · 2 phòng tắm	1,200,000₫/đêm	Vũng Tàu, Bà Rịa Vũng Tàu, Vietnam	4	
Căn hộ chung cư · Vũng Tàu Melody	| NEN 1 | 15th floor, 62m2 5mins walk to the beach	4 khách · 2 Phòng ngủ · 1 phòng tắm	800,000₫/đêm	Vũng Tàu, Bà Rịa Vũng Tàu, Vietnam	12	
Căn hộ chung cư	Trang Homestay Dic Phoenix VT	6 khách · 1 Phòng ngủ · 1 phòng tắm	600,000₫/đêm	Vũng Tàu, Bà Rịa Vũng Tàu, Vietnam	1	
Nhà riêng · Chung cư Sơn Thịnh	Homestay Đường thùy vân	20 khách · 4 Phòng ngủ · 5 phòng tắm	1,500,000₫/đêm	Vũng Tàu, Bà Rịa Vũng Tàu, Vietnam	1	
Căn hộ chung cư · Vũng Tàu Melody	Căn hộ homestay 2 phòng ngủ Melody Bãi Sau Vũng Tàu (A20)	8 khách · 2 Phòng ngủ · 2 phòng tắm	720,000₫/đêm 800,000₫	Vũng Tàu, Bà Rịa Vũng Tàu, Vietnam	
Khác	The Garden Home 2	2 khách · 1 Phòng ngủ · 1 phòng tắm	360,000₫/đêm	Vũng Tàu, Bà Rịa Vũng Tàu, Vietnam	1	
Căn hộ chung cư · Blue Sapphire Resort Vũng Tàu	[711]Căn hộ hồ bơi - View biển	7 khách · 2 Phòng ngủ · 2 phòng tắm	2,000,000₫/đêm	Vũng Tàu, Bà Rịa Vũng Tàu, Vietnam	1	
Khác	The Garden Homestay	4 khách · 1 Phòng ngủ · 1 phòng tắm	380,000₫/đêm	Vũng Tàu, Bà Rịa Vũng Tàu, Vietnam	3	
Biệt Thự	Suna's HOME	15 khách · 5 Phòng ngủ · 6 phòng tắm	2,700,000₫/đêm 3,000,000₫	Vũng Tàu, Bà Rịa Vũng Tàu, Vietnam	3	
Biệt Thự	GerberaHome Sky	30 khách · 8 Phòng ngủ · 9 phòng tắm	10,590,000₫/đêm	Vũng Tàu, Bà Rịa Vũng Tàu, Vietnam	1	
Nhà riêng	Farah homestay - nhà nguyên căn trung tâm thành phố Vũng Tàu	12 khách · 2 Phòng ngủ · 2 phòng tắm	700,000₫/đêm	Vũng Tàu, Bà Rịa Vũng Tàu, Vietnam	1	
Căn hộ dịch vụ	The Avis Apartment - Deluxe Double 404	2 khách · 1 Phòng ngủ · 1 phòng tắm	550,000₫/đêm	Vũng Tàu, Bà Rịa Vũng Tàu, Vietnam	1	
Căn hộ chung cư	[18.15]MODERN Apt/ 5mins Walk to beach	12 khách · 3 Phòng ngủ · 2 phòng tắm	2,000,000₫/đêm	Vũng Tàu, Bà Rịa Vũng Tàu, Vietnam	1	
Nhà riêng	Den's Full House	10 khách · 2 Phòng ngủ · 2 phòng tắm	720,000₫/đêm 800,000₫	Vũng Tàu, Bà Rịa Vũng Tàu, Vietnam	1	
Căn hộ chung cư	Bambo room - Jolie's Home	2 khách · 1 Phòng ngủ · 1 phòng tắm	665,000₫/đêm	Vũng Tàu, Bà Rịa Vũng Tàu, Vietnam	1	
Căn hộ chung cư · Vũng Tàu Melody	Vung Tau Milan Homestay 8-2 bedroom Colosseo Melody Apartment (A5-8)	8 khách · 2 Phòng ngủ · 1 phòng tắm	405,000₫/đêm 450,000₫	Vũng Tàu, Bà Rịa Vũng Tàu, Vietnam	7	
Căn hộ dịch vụ	The Avis Apartment - Deluxe Double 502	2 khách · 1 Phòng ngủ · 1 phòng tắm	550,000₫/đêm	Vũng Tàu, Bà Rịa Vũng Tàu, Vietnam	7	
Căn hộ chung cư · Vũng Tàu Melody	LYN Apartment Melody Vung Tau, All view to the beach	8 khách · 3 Phòng ngủ · 2 phòng tắm	900,000₫/đêm	Vũng Tàu, Bà Rịa Vũng Tàu, Vietnam	1	
Căn hộ chung cư · Vũng Tàu Melody	[A14.09] View biển - Cách Bãi Sau 5p đi bộ	8 khách · 1 Phòng ngủ · 1 phòng tắm	450,000₫/đêm 500,000₫	Vũng Tàu, Bà Rịa Vũng Tàu, Vietnam	1	
Biệt Thự	Adi Villa 01	33 khách · 4 Phòng ngủ · 4 phòng tắm	2,500,000₫/đêm	Vũng Tàu, Bà Rịa Vũng Tàu, Vietnam	
Biệt Thự	Adi Villa 17	40 khách · 6 Phòng ngủ · 6 phòng tắm	3,300,000₫/đêm	Vũng Tàu, Bà Rịa Vũng Tàu, Vietnam	
Căn hộ chung cư · Vũng Tàu Melody	Căn hộ homestay 3 phòng ngủ Melody Bãi Sau Vũng Tàu (A1)	12 khách · 3 Phòng ngủ · 2 phòng tắm	900,000₫/đêm 1,000,000₫	Vũng Tàu, Bà Rịa Vũng Tàu, Vietnam	
Khác	Family Room 4 Pax Next to Vung Tau BEACH,3' Walk - VT 2269	4 khách · 1 Phòng ngủ · 1 phòng tắm	320,000₫/đêm 400,000₫	Vũng Tàu, Bà Rịa Vũng Tàu, Vietnam	
Biệt Thự	Adi Villa 865	40 khách · 5 Phòng ngủ · 7 phòng tắm	2,000,000₫/đêm	Vũng Tàu, Bà Rịa Vũng Tàu, Vietnam	
Căn hộ chung cư · Vũng Tàu Melody	Vung Tau BB Homestay #3 - Melody Seaview Apartment, 5min to sea	12 khách · 2 Phòng ngủ · 2 phòng tắm	392,000₫/đêm 400,000₫	Vũng Tàu, Bà Rịa Vũng Tàu, Vietnam	3	
Khác	Family Room Next to Vung Tau BEACH, 3' By Walk - VT 2269	4 khách · 1 Phòng ngủ · 1 phòng tắm	320,000₫/đêm 400,000₫	Vũng Tàu, Bà Rịa Vũng Tàu, Vietnam	
Căn hộ chung cư · Vũng Tàu Melody	Căn hộ homestay 2 phòng ngủ Melody Bãi Sau Vũng Tàu (B4)	6 khách · 2 Phòng ngủ · 1 phòng tắm	540,000₫/đêm 600,000₫	Vũng Tàu, Bà Rịa Vũng Tàu, Vietnam	
Nhà riêng	Jungle Room - Jolie's Home	2 khách · 1 Phòng ngủ · 1 phòng tắm	665,000₫/đêm	Vũng Tàu, Bà Rịa Vũng Tàu, Vietnam	3	
Biệt Thự	Ruby Luxury Villa RL04 - Doi Su Hill 6/6A	25 khách · 5 Phòng ngủ · 5 phòng tắm	5,900,000₫/đêm	Vũng Tàu, Bà Rịa Vũng Tàu, Vietnam	1	
Biệt Thự	Vung Tau Villa Ali5B - Biệt thự Vũng Tàu Ali5B	50 khách · 14 Phòng ngủ · 14 phòng tắm	4,000,000₫/đêm	Vũng Tàu, Bà Rịa Vũng Tàu, Vietnam	1	
Căn hộ chung cư	ECOSTAY SEAVIEW (MELODY VŨNG TÀU tầng 15 A15-15)	6 khách · 2 Phòng ngủ · 1 phòng tắm	500,000₫/đêm	Vũng Tàu, Bà Rịa Vũng Tàu, Vietnam	
Nhà riêng	Homestay YOURHOUSE	30 khách · 5 Phòng ngủ · 5 phòng tắm	1,500,000₫/đêm	Vũng Tàu, Bà Rịa Vũng Tàu, Vietnam	
Căn hộ chung cư	3T Vungtau Homestay	9 khách · 2 Phòng ngủ · 2 phòng tắm	740,000₫/đêm	Vũng Tàu, Bà Rịa Vũng Tàu, Vietnam	15	
Căn hộ chung cư	Pooh Homestay 5 - 2 bedrooms near the Back Beach	10 khách · 2 Phòng ngủ · 2 phòng tắm	1,200,000₫/đêm	Vũng Tàu, Bà Rịa Vũng Tàu, Vietnam	
Biệt Thự	CARIBE VILLA VUNG TAU biệt thự chỉ cách bãi sau 150m gần biển nhất Vũng Tàu	25 khách · 5 Phòng ngủ · 4 phòng tắm	2,900,000₫/đêm	Vũng Tàu, Bà Rịa Vũng Tàu, Vietnam	1	
Căn hộ dịch vụ	The Avis Apartment - Attic Double 301	2 khách · 1 Phòng ngủ · 1 phòng tắm	450,000₫/đêm	Vũng Tàu, Bà Rịa Vũng Tàu, Vietnam	2	
Căn hộ chung cư · Blue Sapphire Resort Vũng Tàu	Nice seaview apartment Blue Saphire Resort	6 khách · 2 Phòng ngủ · 2 phòng tắm	1,500,000₫/đêm	Vũng Tàu, Bà Rịa Vũng Tàu, Vietnam	1	
Căn hộ chung cư · Vũng Tàu Melody	Vung Tau BB Homestay #1 - Melody Seaview Apartment, 5min to sea	12 khách · 2 Phòng ngủ · 2 phòng tắm	392,000₫/đêm 400,000₫	Vũng Tàu, Bà Rịa Vũng Tàu, Vietnam	1	
Nhà riêng	Jolie's Home - Homestay & Motel	16 khách · 4 Phòng ngủ · 4 phòng tắm	4,700,000₫/đêm	Vũng Tàu, Bà Rịa Vũng Tàu, Vietnam	1	
Căn hộ Studio	Big Mama Hostel - Phòng Standard với Ban công nhỏ hướng TP	3 khách · 1 Phòng ngủ · 1 phòng tắm	420,000₫/đêm	Vũng Tàu, Bà Rịa Vũng Tàu, Vietnam	
Căn hộ dịch vụ	The Avis Apartment - Deluxe Quadruple	4 khách · 1 Phòng ngủ · 1 phòng tắm	800,000₫/đêm	Vũng Tàu, Bà Rịa Vũng Tàu, Vietnam	1	
Biệt Thự	Mona Villa 01	25 khách · 5 Phòng ngủ · 5 phòng tắm	5,800,000₫/đêm	Vũng Tàu, Bà Rịa Vũng Tàu, Vietnam	10	
Căn hộ chung cư · Vũng Tàu Melody	Căn hộ homestay 2 phòng ngủ Melody Bãi Sau Vũng Tàu (A5)	6 khách · 2 Phòng ngủ · 1 phòng tắm	540,000₫/đêm 600,000₫	Vũng Tàu, Bà Rịa Vũng Tàu, Vietnam	1	
Căn hộ chung cư · Vũng Tàu Melody	Vung Tau BB Homestay #8 - Melody Luxury Apartment, 5min to sea	12 khách · 2 Phòng ngủ · 2 phòng tắm	392,000₫/đêm 400,000₫	Vũng Tàu, Bà Rịa Vũng Tàu, Vietnam	3	
Căn hộ dịch vụ	The Avis Apartment - Attic Double 302	2 khách · 1 Phòng ngủ · 1 phòng tắm	450,000₫/đêm	Vũng Tàu, Bà Rịa Vũng Tàu, Vietnam	3	
Căn hộ chung cư	| NEN 2 | APT 108m2, 5mins walk to the beach	8 khách · 3 Phòng ngủ · 2 phòng tắm	1,800,000₫/đêm	Vũng Tàu, Bà Rịa Vũng Tàu, Vietnam	3	
Biệt Thự	CIRCLEHOMESTAY - VIEW BIỂN	25 khách · 5 Phòng ngủ · 5 phòng tắm	1,500,000₫/đêm	Vũng Tàu, Bà Rịa Vũng Tàu, Vietnam	
Căn hộ chung cư · Vũng Tàu Melody	Melody Vũng Tàu Apartment, gần biển, khu ăn uống_PLV1	6 khách · 2 Phòng ngủ · 2 phòng tắm	1,100,000₫/đêm	Vũng Tàu, Bà Rịa Vũng Tàu, Vietnam	
Căn hộ dịch vụ · Vũng Tàu Melody	Lùn Homestay - Căn Hộ Đẹp, Giá Rẻ Vũng Tàu, Căn B7-16, 2 Phòng Ngủ, 2WC Tại Cao Ốc Vũng Tàu Melody - Căn Hộ View Biển Cực Xinh Xắn	15 khách · 2 Phòng ngủ · 2 phòng tắm	1,000,000₫/đêm	Vũng Tàu, Bà Rịa Vũng Tàu, Vietnam	
Căn hộ dịch vụ	Vung Tau Golf & Sea view PhoenixC24	10 khách · 2 Phòng ngủ · 2 phòng tắm	1,200,000₫/đêm	Vũng Tàu, Bà Rịa Vũng Tàu, Vietnam	
Căn hộ chung cư · Vũng Tàu Melody	Vung Tau Milan Homestay 7-The Queen Melody Apartment (A7-6)	12 khách · 2 Phòng ngủ · 2 phòng tắm	585,000₫/đêm 650,000₫	Vũng Tàu, Bà Rịa Vũng Tàu, Vietnam	7	
Căn hộ chung cư · Seaview Chí Linh	Seaview Vũng Tàu	9 khách · 3 Phòng ngủ · 2 phòng tắm	1,500,000₫/đêm	Vũng Tàu, Bà Rịa Vũng Tàu, Vietnam	
Nhà riêng	Bi Home	10 khách · 3 Phòng ngủ · 2 phòng tắm	1,600,000₫/đêm	Vũng Tàu, Bà Rịa Vũng Tàu, Vietnam	
Căn hộ chung cư	Pandora Lapen Center	11 khách · 2 Phòng ngủ · 2 phòng tắm	1,500,000₫/đêm	Vũng Tàu, Bà Rịa Vũng Tàu, Vietnam	
Căn hộ chung cư · Blue Sapphire Resort Vũng Tàu	Bạn muốn "Trốn" nóng tại Bãi biển Đẹp Nhất Vũng Tàu?	5 khách · 2 Phòng ngủ · 2 phòng tắm	1,850,000₫/đêm	Vũng Tàu, Bà Rịa Vũng Tàu, Vietnam	
Căn hộ dịch vụ	MT House Ngọc Tước Single room	2 khách · 1 Phòng ngủ · 1 phòng tắm	1,750,000₫/đêm	Vũng Tàu, Bà Rịa Vũng Tàu, Vietnam	
Căn hộ chung cư	Katia's Home - Căn hộ 2 phòng ngủ (DIC Phoenix)	10 khách · 2 Phòng ngủ · 1 phòng tắm	1,840,000₫/đêm	Vũng Tàu, Bà Rịa Vũng Tàu, Vietnam	
Nhà riêng	THIEN HOANG HOMESTAY - YELLOW LUCKY HOUSE BACK BEACH (200M)	12 khách · 2 Phòng ngủ · 2 phòng tắm	1,100,000₫/đêm	Vũng Tàu, Bà Rịa Vũng Tàu, Vietnam	
Căn hộ dịch vụ · Chung cư Sơn Thịnh	Căn hộ nghỉ dưỡng Vũng Tàu - 2	12 khách · 2 Phòng ngủ · 3 phòng tắm	1,200,000₫/đêm	Vũng Tàu, Bà Rịa Vũng Tàu, Vietnam	
Căn hộ dịch vụ · Chung cư Sơn Thịnh	Căn hộ cao cấp Sơn Thịnh giáp biển Bãi sau Vũng Tàu, tầng cao, view biển núi đẹp	10 khách · 2 Phòng ngủ · 3 phòng tắm	1,500,000₫/đêm	Vũng Tàu, Bà Rịa Vũng Tàu, Vietnam	
Căn hộ chung cư	Vung Tau Melody Apartment 1	7 khách · 2 Phòng ngủ · 2 phòng tắm	1,000,000₫/đêm	Vũng Tàu, Bà Rịa Vũng Tàu, Vietnam	
Căn hộ dịch vụ	Ben House Melody	6 khách · 2 Phòng ngủ · 2 phòng tắm	1,200,000₫/đêm	Vũng Tàu, Bà Rịa Vũng Tàu, Vietnam	
Căn hộ chung cư · Vũng Tàu Melody	Thiên Phú Homestay	6 khách · 2 Phòng ngủ · 2 phòng tắm	1,550,000₫/đêm	Vũng Tàu, Bà Rịa Vũng Tàu, Vietnam	
Căn hộ chung cư	Happyhouse-Seaview, Lakeview, swimming pool	12 khách · 3 Phòng ngủ · 3 phòng tắm	1,200,000₫/đêm	Vũng Tàu, Bà Rịa Vũng Tàu, Vietnam	
Nhà riêng	Secret Garden Coffee and Homestay - Vũng Tàu 300m to the beach	30 khách · 6 Phòng ngủ · 7 phòng tắm	3,000,000₫/đêm	Vũng Tàu, Bà Rịa Vũng Tàu, Vietnam	
Căn hộ chung cư · Vũng Tàu Melody	Mơ homestay	8 khách · 2 Phòng ngủ · 2 phòng tắm	1,000,000₫/đêm	Vũng Tàu, Bà Rịa Vũng Tàu, Vietnam	
Căn hộ dịch vụ	VIKING HOUSE (Double room 2 for 4 people)	4 khách · 1 Phòng ngủ · 1 phòng tắm	250,000₫/đêm	Vũng Tàu, Bà Rịa Vũng Tàu, Vietnam	
Căn hộ dịch vụ	The Avis Apartment - Attic Double 401	2 khách · 1 Phòng ngủ · 1 phòng tắm	450,000₫/đêm	Vũng Tàu, Bà Rịa Vũng Tàu, Vietnam	10	
Nhà riêng	T'House	28 khách · 5 Phòng ngủ · 6 phòng tắm	750,000₫/đêm	Vũng Tàu, Bà Rịa Vũng Tàu, Vietnam	
Căn hộ dịch vụ	XANH Homestay - Room 201	4 khách · 1 Phòng ngủ · 1 phòng tắm	300,000₫/đêm	Vũng Tàu, Bà Rịa Vũng Tàu, Vietnam	
Biệt Thự	Villa Sani06	16 khách · 6 Phòng ngủ · 5 phòng tắm	2,700,000₫/đêm	Vũng Tàu, Bà Rịa Vũng Tàu, Vietnam	
Biệt Thự	VUNG TAU ROYAL 6ROOMS SUPERIOR POOL VILLA	20 khách · 6 Phòng ngủ · 6 phòng tắm	6,775,000₫/đêm	Vũng Tàu, Bà Rịa Vũng Tàu, Vietnam	
Căn hộ chung cư · Vũng Tàu Melody	Lami Homestay	8 khách · 2 Phòng ngủ · 1 phòng tắm	800,000₫/đêm	Vũng Tàu, Bà Rịa Vũng Tàu, Vietnam	
Nhà riêng	Vivu Homes	35 khách · 4 Phòng ngủ · 5 phòng tắm	1,400,000₫/đêm	Vũng Tàu, Bà Rịa Vũng Tàu, Vietnam	
Căn hộ dịch vụ	Phuc's house - Apartment with 3 bedrooms 4 wc suitable for family	15 khách · 3 Phòng ngủ · 4 phòng tắm	840,000₫/đêm 1,200,000₫	Vũng Tàu, Bà Rịa Vũng Tàu, Vietnam	
Biệt Thự	WINNER POOL VILLA 2	12 khách · 4 Phòng ngủ · 5 phòng tắm	8,500,000₫/đêm	Vũng Tàu, Bà Rịa Vũng Tàu, Vietnam	
Căn hộ dịch vụ	PHI PHI NHÀ PHỐ - XANH MÁT NHƯ BIỂN HỒ	30 khách · 4 Phòng ngủ · 4 phòng tắm	1,886,000₫/đêm 2,300,000₫	Vũng Tàu, Bà Rịa Vũng Tàu, Vietnam	
Biệt Thự	Biệt thự cao cấp Trần phú sát biển	16 khách · 4 Phòng ngủ · 5 phòng tắm	12,000,000₫/đêm	Vũng Tàu, Bà Rịa Vũng Tàu, Vietnam	
Căn hộ chung cư · Vũng Tàu Melody	Luxury Apartment Melody	10 khách · 2 Phòng ngủ · 2 phòng tắm	850,000₫/đêm	Vũng Tàu, Bà Rịa Vũng Tàu, Vietnam	
Biệt Thự	Royal Villa 3 - Biệt thự nghỉ dưỡng tuyệt vời cho bạn	30 khách · 6 Phòng ngủ · 6 phòng tắm	8,890,000₫/đêm	Vũng Tàu, Bà Rịa Vũng Tàu, Vietnam	
Nhà riêng	FornyRose Homestay	25 khách · 4 Phòng ngủ · 4 phòng tắm	2,500,000₫/đêm	Vũng Tàu, Bà Rịa Vũng Tàu, Vietnam	
Nhà riêng	Homestay KA- Gần biển 4 phút đi bộ, rộng đẹp hấp dẫn.	21 khách · 7 Phòng ngủ · 8 phòng tắm	1,800,000₫/đêm	Vũng Tàu, Bà Rịa Vũng Tàu, Vietnam	
Khác	Căn phòng nhóm với ban công có view sân vườn và hồ bơi thuỷ lực	16 khách · 2 Phòng ngủ · 2 phòng tắm	1,750,000₫/đêm 2,500,000₫	Vũng Tàu, Bà Rịa Vũng Tàu, Vietnam	
Căn hộ dịch vụ	Fullhouse Sea View Valley Mountain	2 khách · 1 Phòng ngủ · 1 phòng tắm	2,450,000₫/đêm	Vũng Tàu, Bà Rịa Vũng Tàu, Vietnam	
Căn hộ dịch vụ	Căn hộ cao cấp Mai Linh hướng biển cạnh bãi trước Vũng tàu	6 khách · 2 Phòng ngủ · 2 phòng tắm	2,000,000₫/đêm	Vũng Tàu, Bà Rịa Vũng Tàu, Vietnam	
Nhà riêng	chu's homestay Vung Tau	20 khách · 2 Phòng ngủ · 3 phòng tắm	2,000,000₫/đêm	Vũng Tàu, Bà Rịa Vũng Tàu, Vietnam	
Biệt Thự	Sky Ahead Home	20 khách · 6 Phòng ngủ · 7 phòng tắm	5,400,000₫/đêm	Vũng Tàu, Bà Rịa Vũng Tàu, Vietnam	
Biệt Thự	Villa Viet Home 9	25 khách · 5 Phòng ngủ · 4 phòng tắm	2,400,000₫/đêm	Vũng Tàu, Bà Rịa Vũng Tàu, Vietnam	
Căn hộ chung cư · Blue Sapphire Resort Vũng Tàu	Blue Sapphire Resort - Sea View 2BR Flat - 2 Mins to the Beach	5 khách · 2 Phòng ngủ · 2 phòng tắm	1,150,000₫/đêm	Vũng Tàu, Bà Rịa Vũng Tàu, Vietnam	16	
Biệt Thự	ED2983 – EDDY DELUXE VILLA	10 khách · 3 Phòng ngủ · 3 phòng tắm	2,942,000₫/đêm	Vũng Tàu, Bà Rịa Vũng Tàu, Vietnam	
Nhà riêng	Sơn Hà Homestay - Căn Hộ Có Gác	10 khách · 1 Phòng ngủ · 1 phòng tắm	2,200,000₫/đêm	Vũng Tàu, Bà Rịa Vũng Tàu, Vietnam	
Biệt Thự	New 08 bedrooms big pool back Beach and BBQ garden	20 khách · 8 Phòng ngủ · 8 phòng tắm	13,298,480₫/đêm	Vũng Tàu, Bà Rịa Vũng Tàu, Vietnam	
Nhà riêng	MiutiCarii HomeStay - Phòng Giường Tầng ( 8 - 13 người )	12 khách · 1 Phòng ngủ · 1 phòng tắm	1,000,000₫/đêm	Vũng Tàu, Bà Rịa Vũng Tàu, Vietnam	
Khác	Standard Room Next to Vung Tau BEACH, 3' By Walk - VT 2269	2 khách · 1 Phòng ngủ · 1 phòng tắm	232,000₫/đêm 290,000₫	Vũng Tàu, Bà Rịa Vũng Tàu, Vietnam	
Khác	Cozy Room Next to Vung Tau BEACH, 3' By Walk - VT 2269	2 khách · 1 Phòng ngủ · 1 phòng tắm	232,000₫/đêm 290,000₫	Vũng Tàu, Bà Rịa Vũng Tàu, Vietnam	
Căn hộ chung cư · Vũng Tàu Melody	Un Ricordo Homestay 2	10 khách · 2 Phòng ngủ · 2 phòng tắm	550,000₫/đêm	Vũng Tàu, Bà Rịa Vũng Tàu, Vietnam	
Căn hộ chung cư · Vũng Tàu Melody	KyO-Homestay - Căn Hộ Nghỉ Dưỡng Cao Cấp	10 khách · 2 Phòng ngủ · 2 phòng tắm	700,000₫/đêm	Vũng Tàu, Bà Rịa Vũng Tàu, Vietnam	
Căn hộ dịch vụ · Vũng Tàu Melody	Green Homestay Vũng Tàu	13 khách · 2 Phòng ngủ · 2 phòng tắm	550,000₫/đêm	Vũng Tàu, Bà Rịa Vũng Tàu, Vietnam	
Nhà riêng	Homestay ngay bãi sau Thùy Vân - Vũng Tàu - Bamboo Forest room	8 khách · 1 Phòng ngủ · 1 phòng tắm	800,000₫/đêm	Vũng Tàu, Bà Rịa Vũng Tàu, Vietnam	
Căn hộ Studio · Vũng Tàu Melody	Un Ricordo 22 - Oceanview Superior Apartment	12 khách · 2 Phòng ngủ · 2 phòng tắm	550,000₫/đêm	Vũng Tàu, Bà Rịa Vũng Tàu, Vietnam	
Căn hộ dịch vụ	MT House Ngọc Tước	10 khách · 2 Phòng ngủ · 2 phòng tắm	4,900,000₫/đêm	Vũng Tàu, Bà Rịa Vũng Tàu, Vietnam	
Căn hộ chung cư · Vũng Tàu Melody	Katia's Home - Căn hộ 2 phòng ngủ (Tòa Melody Vũng Tàu)	11 khách · 2 Phòng ngủ · 1 phòng tắm	2,300,000₫/đêm	Vũng Tàu, Bà Rịa Vũng Tàu, Vietnam	
Căn hộ dịch vụ · Cao ốc Dịch vụ Du lịch Sơn Thịnh 2	02 Lê Hồng Phong, phường Thắng Tam, Vũng Tàu, tỉnh Bà rịa - Vũng Tàu	10 khách · 2 Phòng ngủ · 2 phòng tắm	1,800,000₫/đêm	Vũng Tàu, Bà Rịa Vũng Tàu, Vietnam	
Căn hộ dịch vụ	VIKING House	45 khách · 11 Phòng ngủ · 11 phòng tắm	3,000,000₫/đêm	Vũng Tàu, Bà Rịa Vũng Tàu, Vietnam	
Căn hộ chung cư · Chung cư Vũng Tàu Plaza	(::) Welcome B1504 cute and Design Apt !@@!	15 khách · 3 Phòng ngủ · 2 phòng tắm	2,359,408₫/đêm	Vũng Tàu, Bà Rịa Vũng Tàu, Vietnam	
Khác	Homestay Seaview Vũng Tàu - phòng lucky- 2 giường đôi	4 khách · 1 Phòng ngủ · 1 phòng tắm	800,000₫/đêm	Vũng Tàu, Bà Rịa Vũng Tàu, Vietnam	
Nhà riêng	Kim Minh Home - Room 04	3 khách · 1 Phòng ngủ · 1 phòng tắm	1,300,000₫/đêm	Vũng Tàu, Bà Rịa Vũng Tàu, Vietnam	
Căn hộ dịch vụ · Chung cư Sơn Thịnh	Căn hộ nghỉ dưỡng Vũng Tàu - 1	15 khách · 3 Phòng ngủ · 4 phòng tắm	2,000,000₫/đêm	Vũng Tàu, Bà Rịa Vũng Tàu, Vietnam	
Nhà riêng	Misa House Homestay Near Back Beach VT	16 khách · 5 Phòng ngủ · 6 phòng tắm	7,059,000₫/đêm	Vũng Tàu, Bà Rịa Vũng Tàu, Vietnam	
Căn hộ dịch vụ · Vũng Tàu Melody	A17 tầng 16 MELODY, CAN HO 2 PHONG NGU, 1 PHONG KHACH, 1 NHA BEP, 2 PHONG TAM, VIEW BIỂN	8 khách · 2 Phòng ngủ · 2 phòng tắm	500,000₫/đêm	Vũng Tàu, Bà Rịa Vũng Tàu, Vietnam	
Biệt Thự · Oyster Gành Hào (Vietpearl Gành Hào)	Desami Villa	20 khách · 5 Phòng ngủ · 4 phòng tắm	1,800,000₫/đêm	Vũng Tàu, Bà Rịa Vũng Tàu, Vietnam	
Căn hộ chung cư · Saigonres Tower	Homestay Đậu Vừng - Sạch sẽ, An Toàn, Thân Thiện Cho cả Gia Đình	10 khách · 2 Phòng ngủ · 2 phòng tắm	460,000₫/đêm	Vũng Tàu, Bà Rịa Vũng Tàu, Vietnam	
Căn hộ chung cư	Silver Sea Tower	6 khách · 2 Phòng ngủ · 3 phòng tắm	1,500,000₫/đêm	Vũng Tàu, Bà Rịa Vũng Tàu, Vietnam	
Căn hộ chung cư · Vũng Tàu Melody	Tomorrow Homestay Melody Deluxe	8 khách · 2 Phòng ngủ · 1 phòng tắm	495,000₫/đêm 550,000₫	Vũng Tàu, Bà Rịa Vũng Tàu, Vietnam	
Căn hộ chung cư	Căn hộ 3 phòng ngủ sát bờ biển Bãi sau Vũng Tàu, lãng mạn và sang trọng	12 khách · 3 Phòng ngủ · 2 phòng tắm	1,200,000₫/đêm	Vũng Tàu, Bà Rịa Vũng Tàu, Vietnam	5	
Căn hộ chung cư · Vũng Tàu Melody	VT Milan Homestay 11 - Sunset Melody Apartment (A2-14)	12 khách · 2 Phòng ngủ · 2 phòng tắm	495,000₫/đêm 550,000₫	Vũng Tàu, Bà Rịa Vũng Tàu, Vietnam	
Căn hộ chung cư	Dreamy Seaside - Chung cư view biển Vũng Tàu	5 khách · 1 Phòng ngủ · 1 phòng tắm	1,100,000₫/đêm	Vũng Tàu, Bà Rịa Vũng Tàu, Vietnam	10	
Căn hộ chung cư	Căn hộ 2 PN ,view đẹp tầng 27	11 khách · 2 Phòng ngủ · 2 phòng tắm	1,350,000₫/đêm	Vũng Tàu, Bà Rịa Vũng Tàu, Vietnam	
Khác	Seaview homestay Vũng Tàu - Phòng Gia đình view sân vườn đẹp	8 khách · 1 Phòng ngủ · 1 phòng tắm	769,000₫/đêm	Vũng Tàu, Bà Rịa Vũng Tàu, Vietnam	
Căn hộ chung cư	Lapen Center 03 - Cozy & Modern Apartment with City View	6 khách · 2 Phòng ngủ · 2 phòng tắm	1,100,000₫/đêm	Vũng Tàu, Bà Rịa Vũng Tàu, Vietnam	
Căn hộ dịch vụ	GRAND VILLA RESIDENCE VIP Apartment 196	2 khách · 1 Phòng ngủ · 1 phòng tắm	1,686,000₫/đêm	Vũng Tàu, Bà Rịa Vũng Tàu, Vietnam	
Khác	RedDoorz Suite Room Next to Vung Tau BEACH,3' Walk - VT 2269	6 khách · 1 Phòng ngủ · 1 phòng tắm	462,000₫/đêm 577,500₫	Vũng Tàu, Bà Rịa Vũng Tàu, Vietnam	
Khác	Suite Room Next to Vung Tau BEACH, 3' By Walk - VT 2269	6 khách · 1 Phòng ngủ · 1 phòng tắm	462,000₫/đêm 577,500₫	Vũng Tàu, Bà Rịa Vũng Tàu, Vietnam	
Nhà riêng	Tropicana Homestay	12 khách · 4 Phòng ngủ · 3 phòng tắm	1,500,000₫/đêm	Vũng Tàu, Bà Rịa Vũng Tàu, Vietnam	
Căn hộ chung cư · Căn hộ OSC LAND	Cozy Apartment for max6p-10th flr, 5 mins to Beach	6 khách · 2 Phòng ngủ · 2 phòng tắm	500,000₫/đêm	Vũng Tàu, Bà Rịa Vũng Tàu, Vietnam	
Khác	Seaview homestay Vũng Tàu - Phòng Deluxe Giường đôi view sân vườn có hoa trước thềm cửa	5 khách · 1 Phòng ngủ · 1 phòng tắm	519,000₫/đêm	Vũng Tàu, Bà Rịa Vũng Tàu, Vietnam	
Căn hộ chung cư · Cao ốc Dịch vụ Du lịch Sơn Thịnh 2	Căn hộ sát biển có hồ bơi Sơn Thịnh 2	10 khách · 2 Phòng ngủ · 2 phòng tắm	1,500,000₫/đêm	Vũng Tàu, Bà Rịa Vũng Tàu, Vietnam	
Căn hộ dịch vụ	VIKING House Single room 3	2 khách · 1 Phòng ngủ · 1 phòng tắm	150,000₫/đêm	Vũng Tàu, Bà Rịa Vũng Tàu, Vietnam	
Căn hộ dịch vụ	VIKING House Single room 4	2 khách · 1 Phòng ngủ · 1 phòng tắm	150,000₫/đêm	Vũng Tàu, Bà Rịa Vũng Tàu, Vietnam	
Căn hộ dịch vụ	VIKING House Single room 2	2 khách · 1 Phòng ngủ · 1 phòng tắm	150,000₫/đêm	Vũng Tàu, Bà Rịa Vũng Tàu, Vietnam	
Căn hộ dịch vụ	VIKING HOUSE Double Room 3 for 4 people	4 khách · 1 Phòng ngủ · 1 phòng tắm	250,000₫/đêm	Vũng Tàu, Bà Rịa Vũng Tàu, Vietnam	
Căn hộ dịch vụ	VIKING HOUSE Double Room 4 for 4 people	4 khách · 1 Phòng ngủ · 1 phòng tắm	250,000₫/đêm	Vũng Tàu, Bà Rịa Vũng Tàu, Vietnam	
Căn hộ dịch vụ	Big Mama Hostel - Phòng Family, Toilet Ngoài	6 khách · 1 Phòng ngủ · 1 phòng tắm	540,000₫/đêm	Vũng Tàu, Bà Rịa Vũng Tàu, Vietnam	
Căn hộ Studio	Big Mama Hostel - Phòng Toilet Ngoài Không cửa sổ	3 khách · 1 Phòng ngủ · 1 phòng tắm	360,000₫/đêm	Vũng Tàu, Bà Rịa Vũng Tàu, Vietnam	
Căn hộ dịch vụ	XANH Homestay - Room 102	3 khách · 1 Phòng ngủ · 1 phòng tắm	200,000₫/đêm	Vũng Tàu, Bà Rịa Vũng Tàu, Vietnam	
Căn hộ Studio · Căn hộ Fusion Suites Vũng Tàu	Big Mama Hostel - Phòng Standard	2 khách · 1 Phòng ngủ · 1 phòng tắm	360,000₫/đêm	Vũng Tàu, Bà Rịa Vũng Tàu, Vietnam	
Căn hộ chung cư · Cao ốc Dịch vụ Du lịch Sơn Thịnh 2	Blue Sky	10 khách · 2 Phòng ngủ · 2 phòng tắm	1,170,000₫/đêm 1,300,000₫	Vũng Tàu, Bà Rịa Vũng Tàu, Vietnam	
Căn hộ dịch vụ	XANH Homestay - Room 103	3 khách · 1 Phòng ngủ · 1 phòng tắm	200,000₫/đêm	Vũng Tàu, Bà Rịa Vũng Tàu, Vietnam	
Căn hộ dịch vụ	XANH Homestay - Room 104	6 khách · 1 Phòng ngủ · 1 phòng tắm	400,000₫/đêm	Vũng Tàu, Bà Rịa Vũng Tàu, Vietnam	
Căn hộ dịch vụ	XANH Homestay - Room 202	3 khách · 1 Phòng ngủ · 1 phòng tắm	200,000₫/đêm	Vũng Tàu, Bà Rịa Vũng Tàu, Vietnam	
Căn hộ chung cư · Chung cư Sơn Thịnh	Căn Hộ	12 khách · 2 Phòng ngủ · 2 phòng tắm	850,000₫/đêm	Vũng Tàu, Bà Rịa Vũng Tàu, Vietnam	
Căn hộ dịch vụ	XANH Homestay - Room 204	6 khách · 1 Phòng ngủ · 1 phòng tắm	400,000₫/đêm	Vũng Tàu, Bà Rịa Vũng Tàu, Vietnam	
Căn hộ dịch vụ	Hao Homestay- Chung cư Blue sea gần bãi sau	8 khách · 2 Phòng ngủ · 2 phòng tắm	1,200,000₫/đêm	Vũng Tàu, Bà Rịa Vũng Tàu, Vietnam	
Căn hộ chung cư · Vũng Tàu Melody	BHV B919	8 khách · 2 Phòng ngủ · 2 phòng tắm	1,200,000₫/đêm	Vũng Tàu, Bà Rịa Vũng Tàu, Vietnam	
Căn hộ chung cư · Căn hộ OSC LAND	Căn hộ 2 phòng ngủ view đẹp, gần biển - OSC Land Building	6 khách · 2 Phòng ngủ · 2 phòng tắm	550,000₫/đêm	Vũng Tàu, Bà Rịa Vũng Tàu, Vietnam	
Biệt Thự · Vũng Tàu Melody	Home Villa Vung Tau	35 khách · 5 Phòng ngủ · 7 phòng tắm	2,450,000₫/đêm 3,500,000₫	Vũng Tàu, Bà Rịa Vũng Tàu, Vietnam	
Căn hộ chung cư	CĂN HỘ DIC PHOENIX	4 khách · 1 Phòng ngủ · 1 phòng tắm	400,000₫/đêm	Vũng Tàu, Bà Rịa Vũng Tàu, Vietnam	
Khác	Homestay Seaview Vũng Tàu - Phòng honeymoon- 1 giường đôi	1 khách · 1 Phòng ngủ · 1 phòng tắm	600,000₫/đêm	Vũng Tàu, Bà Rịa Vũng Tàu, Vietnam	
Khác	Phòng happy ( hai giường đôi)	4 khách · 1 Phòng ngủ · 1 phòng tắm	800,000₫/đêm	Vũng Tàu, Bà Rịa Vũng Tàu, Vietnam	
Khác	Homestay Seaview Vũng Tàu - Phòng diamon- 2 giường đôi	4 khách · 1 Phòng ngủ · 1 phòng tắm	800,000₫/đêm	Vũng Tàu, Bà Rịa Vũng Tàu, Vietnam	
Khác	SunSea Villa - DELUXE 4	4 khách · 1 Phòng ngủ · 1 phòng tắm	1,400,000₫/đêm	Vũng Tàu, Bà Rịa Vũng Tàu, Vietnam	
Căn hộ chung cư	May - Vung Tau Homestay, 3PN, 5 Giường đôi, cách biển 500m	10 khách · 3 Phòng ngủ · 2 phòng tắm	1,500,000₫/đêm	Vũng Tàu, Bà Rịa Vũng Tàu, Vietnam	
Biệt Thự	Villa Viet Home 2	20 khách · 4 Phòng ngủ · 4 phòng tắm	2,250,000₫/đêm	Vũng Tàu, Bà Rịa Vũng Tàu, Vietnam	
Biệt Thự	White Villa Sân Vườn Có Hồ Bơi Lớn - 7 Phòng Ngủ	45 khách · 7 Phòng ngủ · 9 phòng tắm	5,200,000₫/đêm	Vũng Tàu, Bà Rịa Vũng Tàu, Vietnam	
Biệt Thự	La Rose Villa	20 khách · 5 Phòng ngủ · 4 phòng tắm	1,990,000₫/đêm	Vũng Tàu, Bà Rịa Vũng Tàu, Vietnam	
Căn hộ dịch vụ	GRAND VILLA RESIDENCE Luxury Apartment 196	2 khách · 1 Phòng ngủ · 1 phòng tắm	1,526,000₫/đêm	Vũng Tàu, Bà Rịa Vũng Tàu, Vietnam	
Căn hộ chung cư	Căn hộ cao cấp Sơn Thịnh	12 khách · 2 Phòng ngủ · 3 phòng tắm	1,350,000₫/đêm 1,500,000₫	Vũng Tàu, Bà Rịa Vũng Tàu, Vietnam	
Căn hộ dịch vụ · Vũng Tàu Melody	Ocean Home, 3 bedroom apartment with sea view	15 khách · 3 Phòng ngủ · 2 phòng tắm	1,000,000₫/đêm	Vũng Tàu, Bà Rịa Vũng Tàu, Vietnam	
Khác	Chi Homestay phòng nhóm view sân vườn, bể sục spa.	8 khách · 1 Phòng ngủ · 1 phòng tắm	1,050,000₫/đêm 1,500,000₫	Vũng Tàu, Bà Rịa Vũng Tàu, Vietnam	
Biệt Thự	Villa gần Paradise	20 khách · 5 Phòng ngủ · 6 phòng tắm	2,500,000₫/đêm	Vũng Tàu, Bà Rịa Vũng Tàu, Vietnam	
Biệt Thự	Villa - 50A	20 khách · 5 Phòng ngủ · 5 phòng tắm	3,500,000₫/đêm	Vũng Tàu, Bà Rịa Vũng Tàu, Vietnam	
Nhà riêng	Kim Minh Home - Room 05	2 khách · 1 Phòng ngủ · 1 phòng tắm	900,000₫/đêm	Vũng Tàu, Bà Rịa Vũng Tàu, Vietnam	
Căn hộ chung cư · Vũng Tàu Melody	Chung Cư Melody Vũng Tàu - 2 phòng ngủ	10 khách · 2 Phòng ngủ · 2 phòng tắm	1,200,000₫/đêm	Vũng Tàu, Bà Rịa Vũng Tàu, Vietnam	
Căn hộ chung cư	Nancy bluesea condotel apartment	15 khách · 2 Phòng ngủ · 2 phòng tắm	900,000₫/đêm	Vũng Tàu, Bà Rịa Vũng Tàu, Vietnam	
Căn hộ chung cư · Vũng Tàu Melody	Căn hộ Vũng Tàu Melody - View biển - 2 phòng ngủ - cách biển 3p đi bộ | Your Homestay |	10 khách · 2 Phòng ngủ · 2 phòng tắm	400,000₫/đêm 500,000₫	Vũng Tàu, Bà Rịa Vũng Tàu, Vietnam	
Căn hộ chung cư	Nancy Sweet Apartment - 5th 2	8 khách · 2 Phòng ngủ · 2 phòng tắm	900,000₫/đêm	Vũng Tàu, Bà Rịa Vũng Tàu, Vietnam	
Nhà riêng	Sweet Home	20 khách · 3 Phòng ngủ · 4 phòng tắm	2,000,000₫/đêm	Vũng Tàu, Bà Rịa Vũng Tàu, Vietnam	
Nhà riêng	Pooh Homestay 12 - Cozy House	15 khách · 2 Phòng ngủ · 2 phòng tắm	1,200,000₫/đêm	Vũng Tàu, Bà Rịa Vũng Tàu, Vietnam	
Căn hộ dịch vụ	GRAND VILLA RESIDENCE VIP Room 118	4 khách · 2 Phòng ngủ · 1 phòng tắm	2,000,000₫/đêm	Vũng Tàu, Bà Rịa Vũng Tàu, Vietnam	
Nhà riêng	2 Bedrooms near The Beach	8 khách · 2 Phòng ngủ · 2 phòng tắm	1,500,000₫/đêm	Vũng Tàu, Bà Rịa Vũng Tàu, Vietnam	
Khác	SunSea Villa - Family room	8 khách · 1 Phòng ngủ · 1 phòng tắm	1,750,000₫/đêm	Vũng Tàu, Bà Rịa Vũng Tàu, Vietnam	
Khác	SunSea Villa - Luxury room	2 khách · 1 Phòng ngủ · 1 phòng tắm	1,500,000₫/đêm	Vũng Tàu, Bà Rịa Vũng Tàu, Vietnam	
Biệt Thự	Adi Villa 83	30 khách · 4 Phòng ngủ · 4 phòng tắm	2,000,000₫/đêm	Vũng Tàu, Bà Rịa Vũng Tàu, Vietnam	
Nhà riêng	Spring Homestay and Apartment 1	2 khách · 1 Phòng ngủ · 1 phòng tắm	300,000₫/đêm	Vũng Tàu, Bà Rịa Vũng Tàu, Vietnam	
Nhà riêng	Homestay Thuỳ vân gần công viên cột cờ trung tâm bãi Sau Vũng Tàu	16 khách · 4 Phòng ngủ · 5 phòng tắm	1,700,000₫/đêm	Vũng Tàu, Bà Rịa Vũng Tàu, Vietnam	
Biệt Thự	YOURHOUSE villa	20 khách · 4 Phòng ngủ · 3 phòng tắm	1,800,000₫/đêm 2,000,000₫	Vũng Tàu, Bà Rịa Vũng Tàu, Vietnam	
Khác	Homestay Thuy Van Beach	3 khách · 1 Phòng ngủ · 1 phòng tắm	180,000₫/đêm	Vũng Tàu, Bà Rịa Vũng Tàu, Vietnam	
Biệt Thự	Villa Viet Home 5	25 khách · 5 Phòng ngủ · 4 phòng tắm	2,500,000₫/đêm	Vũng Tàu, Bà Rịa Vũng Tàu, Vietnam	
Nhà riêng	Mona Villa 03 - Sea resort mini	25 khách · 5 Phòng ngủ · 5 phòng tắm	5,200,000₫/đêm	Vũng Tàu, Bà Rịa Vũng Tàu, Vietnam	1	
Căn hộ Studio	Cỏ Mây Homestay - Phòng 2 giường	4 khách · 1 Phòng ngủ · 1 phòng tắm	431,100₫/đêm 479,000₫	Vũng Tàu, Bà Rịa Vũng Tàu, Vietnam	
Căn hộ chung cư · Vũng Tàu Melody	An's Home	7 khách · 2 Phòng ngủ · 1 phòng tắm	650,000₫/đêm	Vũng Tàu, Bà Rịa Vũng Tàu, Vietnam	
Căn hộ dịch vụ · Vũng Tàu Melody	CoCoApartment 2BR	8 khách · 2 Phòng ngủ · 2 phòng tắm	750,000₫/đêm	Vũng Tàu, Bà Rịa Vũng Tàu, Vietnam	
Biệt Thự	Nancy Vung Tau Villa	50 khách · 10 Phòng ngủ · 11 phòng tắm	13,800,003₫/đêm	Vũng Tàu, Bà Rịa Vũng Tàu, Vietnam	
Biệt Thự	GerberaHome Long Phụng	24 khách · 6 Phòng ngủ · 7 phòng tắm	9,900,000₫/đêm	Vũng Tàu, Bà Rịa Vũng Tàu, Vietnam	
Căn hộ chung cư	Big Home Apartment - Căn Hộ View Hồ - 2 Phòng Ngủ	10 khách · 2 Phòng ngủ · 1 phòng tắm	600,000₫/đêm	Vũng Tàu, Bà Rịa Vũng Tàu, Vietnam	
Khác	Chi Homestay	26 khách · 5 Phòng ngủ · 6 phòng tắm	5,500,000₫/đêm	Vũng Tàu, Bà Rịa Vũng Tàu, Vietnam	
Căn hộ chung cư · Chung cư Vũng Tàu Plaza	Vung Tau Plaza 15th floor	15 khách · 3 Phòng ngủ · 2 phòng tắm	2,500,000₫/đêm	Vũng Tàu, Bà Rịa Vũng Tàu, Vietnam	
Biệt Thự	Royal Villa 1 - MỘT BƯỚC TỚI BIỂN	30 khách · 5 Phòng ngủ · 5 phòng tắm	8,350,000₫/đêm	Vũng Tàu, Bà Rịa Vũng Tàu, Vietnam	
Biệt Thự	Light and Night Villa	10 khách · 2 Phòng ngủ · 3 phòng tắm	2,700,000₫/đêm	Vũng Tàu, Bà Rịa Vũng Tàu, Vietnam	
Biệt Thự · Chung cư Gold Sea Vũng Tàu	Biệt Thự Adi 5	40 khách · 4 Phòng ngủ · 4 phòng tắm	2,000,000₫/đêm	Vũng Tàu, Bà Rịa Vũng Tàu, Vietnam	
Căn hộ chung cư	STILL HOMESTAY	6 khách · 2 Phòng ngủ · 2 phòng tắm	550,000₫/đêm	Vũng Tàu, Bà Rịa Vũng Tàu, Vietnam	
Biệt Thự	Villa Viet Home 6	30 khách · 6 Phòng ngủ · 5 phòng tắm	2,900,000₫/đêm	Vũng Tàu, Bà Rịa Vũng Tàu, Vietnam	
Căn hộ chung cư · Vũng Tàu Melody	S&C Xanh Dương - Seaview (1 bedroom, 5mins to the beach)	6 khách · 1 Phòng ngủ · 1 phòng tắm	550,000₫/đêm	Vũng Tàu, Bà Rịa Vũng Tàu, Vietnam	
Căn hộ chung cư · Vũng Tàu Melody	Bắp's House - Homestay Vũng Tàu - 2 phòng ngủ - Tầng cao - View đẹp gần biển	8 khách · 2 Phòng ngủ · 1 phòng tắm	600,000₫/đêm	Vũng Tàu, Bà Rịa Vũng Tàu, Vietnam	
Căn hộ chung cư	Vung Tau Melody apartment - The Fives	6 khách · 2 Phòng ngủ · 1 phòng tắm	1,000,000₫/đêm	Vũng Tàu, Bà Rịa Vũng Tàu, Vietnam	
Biệt Thự	Vung Tau villa Ali7B - Biệt thự Vũng tàu Ali7B	12 khách · 3 Phòng ngủ · 3 phòng tắm	3,000,000₫/đêm	Vũng Tàu, Bà Rịa Vũng Tàu, Vietnam	
Biệt Thự	Vung Tau Villa Ali2 - Biệt thự Vũng Tàu Ali2	20 khách · 4 Phòng ngủ · 5 phòng tắm	2,300,000₫/đêm	Vũng Tàu, Bà Rịa Vũng Tàu, Vietnam	
Biệt Thự	RUBY DELUXE VILLA RD05 - D4 Đồi Ngọc Tước	22 khách · 4 Phòng ngủ · 5 phòng tắm	4,350,000₫/đêm	Vũng Tàu, Bà Rịa Vũng Tàu, Vietnam	
Biệt Thự	Biệt thự nghỉ dưỡng biển Star Villa 05 Vũng Tàu	20 khách · 6 Phòng ngủ · 6 phòng tắm	7,000,000₫/đêm	Vũng Tàu, Bà Rịa Vũng Tàu, Vietnam	
Biệt Thự	Vung Tau Villa Ali4 - Biệt thự Vũng Tàu Ali4	20 khách · 5 Phòng ngủ · 5 phòng tắm	3,500,000₫/đêm	Vũng Tàu, Bà Rịa Vũng Tàu, Vietnam	
Biệt Thự	Adi Villa 8B	35 khách · 4 Phòng ngủ · 4 phòng tắm	3,000,000₫/đêm	Vũng Tàu, Bà Rịa Vũng Tàu, Vietnam	
Căn hộ chung cư · Vũng Tàu Melody	Cony's Home 3 (2BR, city and sea view)	10 khách · 2 Phòng ngủ · 2 phòng tắm	585,000₫/đêm 650,000₫	Vũng Tàu, Bà Rịa Vũng Tàu, Vietnam	
Biệt Thự · Blue Sapphire Resort Vũng Tàu	Thùy Dương Luxury Villa - Long Cung beach	25 khách · 7 Phòng ngủ · 7 phòng tắm	5,670,000₫/đêm	Vũng Tàu, Bà Rịa Vũng Tàu, Vietnam	
Biệt Thự	Adi Villa 100	45 khách · 7 Phòng ngủ · 9 phòng tắm	6,500,000₫/đêm	Vũng Tàu, Bà Rịa Vũng Tàu, Vietnam	
Biệt Thự	Adi Villa	40 khách · 5 Phòng ngủ · 5 phòng tắm	2,500,000₫/đêm	Vũng Tàu, Bà Rịa Vũng Tàu, Vietnam	
Biệt Thự · Chung cư Sơn Thịnh	Adi Villa 196	30 khách · 5 Phòng ngủ · 5 phòng tắm	3,500,000₫/đêm	Vũng Tàu, Bà Rịa Vũng Tàu, Vietnam	
Căn hộ chung cư · Cao ốc Dịch vụ Du lịch Sơn Thịnh 2	PREMIUM BEACH CONDOTEL 3 - TOP BEST SELLER	12 khách · 12 Phòng ngủ · 3 phòng tắm	1,882,760₫/đêm	Vũng Tàu, Bà Rịa Vũng Tàu, Vietnam	
Biệt Thự · Thanh Bình	Shell Villa	14 khách · 5 Phòng ngủ · 6 phòng tắm	4,000,000₫/đêm	Vũng Tàu, Bà Rịa Vũng Tàu, Vietnam	
Căn hộ dịch vụ	MiutiCarii HomeStay - Phòng Ban Công 1 ( 3 - 8 người )	8 khách · 1 Phòng ngủ · 1 phòng tắm	500,000₫/đêm	Vũng Tàu, Bà Rịa Vũng Tàu, Vietnam	
Căn hộ chung cư · Vũng Tàu Melody	S&C Xanh Lá - Seaview (2 bedrooms, 5mins to the beach)	8 khách · 2 Phòng ngủ · 2 phòng tắm	700,000₫/đêm	Vũng Tàu, Bà Rịa Vũng Tàu, Vietnam	
Nhà riêng	CoCoHomestay - CoCo 1	2 khách · 1 Phòng ngủ · 1 phòng tắm	400,000₫/đêm	Vũng Tàu, Bà Rịa Vũng Tàu, Vietnam	
Nhà riêng	CoCoHomestay - CoCo 2	6 khách · 1 Phòng ngủ · 1 phòng tắm	500,000₫/đêm	Vũng Tàu, Bà Rịa Vũng Tàu, Vietnam	
Căn hộ chung cư	The Imperial Vung Tau - Two Bedroom Family Suite	4 khách · 2 Phòng ngủ · 1 phòng tắm	6,000,000₫/đêm	Vũng Tàu, Bà Rịa Vũng Tàu, Vietnam	
Nhà riêng	Ken's Homestay	10 khách · 1 Phòng ngủ · 2 phòng tắm	700,000₫/đêm	Vũng Tàu, Bà Rịa Vũng Tàu, Vietnam	
Căn hộ chung cư · Blue Sapphire Resort Vũng Tàu	[BS412] Căn hộ 3pn - Free Hồ bơi / Sát biển	9 khách · 3 Phòng ngủ · 3 phòng tắm	3,200,000₫/đêm	Vũng Tàu, Bà Rịa Vũng Tàu, Vietnam	
Căn hộ dịch vụ	GRAND VILLA RESIDENCE Standard Apartment 196	2 khách · 1 Phòng ngủ · 1 phòng tắm	989,000₫/đêm	Vũng Tàu, Bà Rịa Vũng Tàu, Vietnam	
Căn hộ dịch vụ	GRAND VILLA RESIDENCE Premium Apartment 196	2 khách · 1 Phòng ngủ · 1 phòng tắm	1,269,000₫/đêm	Vũng Tàu, Bà Rịa Vũng Tàu, Vietnam	
Căn hộ dịch vụ	GRAND VILLA RESIDENCE Deluxe Room 118	2 khách · 1 Phòng ngủ · 1 phòng tắm	1,300,000₫/đêm	Vũng Tàu, Bà Rịa Vũng Tàu, Vietnam	
Nhà riêng	Secret Garden - Moutain Room 300m to the beach	6 khách · 1 Phòng ngủ · 1 phòng tắm	600,000₫/đêm	Vũng Tàu, Bà Rịa Vũng Tàu, Vietnam	
Biệt Thự	AQUAVILLA - HOÀNG YẾN	20 khách · 4 Phòng ngủ · 3 phòng tắm	3,200,000₫/đêm	Vũng Tàu, Bà Rịa Vũng Tàu, Vietnam	
Căn hộ chung cư · Blue Sapphire Resort Vũng Tàu	[812] Căn hộ view biển - Hồ bơi miễn phí	15 khách · 3 Phòng ngủ · 3 phòng tắm	3,500,000₫/đêm	Vũng Tàu, Bà Rịa Vũng Tàu, Vietnam	
Căn hộ chung cư	Bông House	12 khách · 3 Phòng ngủ · 2 phòng tắm	900,000₫/đêm	Vũng Tàu, Bà Rịa Vũng Tàu, Vietnam	
Căn hộ Studio	Big Mama Hostel - Phòng Standard với Ban công rộng hướng TP	3 khách · 1 Phòng ngủ · 1 phòng tắm	480,000₫/đêm	Vũng Tàu, Bà Rịa Vũng Tàu, Vietnam	
Căn hộ dịch vụ	Cỏ mây Boutique- Phòng công chúa (2.4)	2 khách · 1 Phòng ngủ · 1 phòng tắm	309,000₫/đêm	Vũng Tàu, Bà Rịa Vũng Tàu, Vietnam	
Khác	SunSea Villa - Deluxe room	2 khách · 1 Phòng ngủ · 1 phòng tắm	1,200,000₫/đêm	Vũng Tàu, Bà Rịa Vũng Tàu, Vietnam	
Biệt Thự	Villa Vihomes Ngọc Tước	50 khách · 8 Phòng ngủ · 9 phòng tắm	4,560,000₫/đêm 4,800,000₫	Vũng Tàu, Bà Rịa Vũng Tàu, Vietnam	
Căn hộ dịch vụ	Cỏ mây Boutique- Phòng gia đình (3.2)	4 khách · 1 Phòng ngủ · 1 phòng tắm	479,000₫/đêm	Vũng Tàu, Bà Rịa Vũng Tàu, Vietnam	
Căn hộ dịch vụ	Cỏ mây Boutique- Phòng Autumn (1.5)	4 khách · 1 Phòng ngủ · 1 phòng tắm	479,000₫/đêm	Vũng Tàu, Bà Rịa Vũng Tàu, Vietnam	
Căn hộ dịch vụ	XANH Homestay - Room 101	6 khách · 1 Phòng ngủ · 1 phòng tắm	400,000₫/đêm	Vũng Tàu, Bà Rịa Vũng Tàu, Vietnam	
Nhà riêng	SAM SAM HOUZING	8 khách · 2 Phòng ngủ · 2 phòng tắm	1,100,000₫/đêm	Vũng Tàu, Bà Rịa Vũng Tàu, Vietnam	
Biệt Thự	Ruby Luxury Villa RL02- Villa on the beach 81 Trần Phú	20 khách · 3 Phòng ngủ · 4 phòng tắm	7,880,000₫/đêm	Vũng Tàu, Bà Rịa Vũng Tàu, Vietnam	
Biệt Thự	Biệt Thự Adi 3	40 khách · 5 Phòng ngủ · 5 phòng tắm	2,000,000₫/đêm	Vũng Tàu, Bà Rịa Vũng Tàu, Vietnam	1	
Căn hộ chung cư	Miraculous Sea View Apartment ( Căn hộ view biển - Cách bãi sau 5 phút đi bộ)	4 khách · 1 Phòng ngủ · 1 phòng tắm	410,000₫/đêm	Vũng Tàu, Bà Rịa Vũng Tàu, Vietnam	
Nhà riêng	Santoni Homestay Vũng Tàu - 2 Giường 01	5 khách · 1 Phòng ngủ · 1 phòng tắm	640,000₫/đêm	Vũng Tàu, Bà Rịa Vũng Tàu, Vietnam	
Căn hộ dịch vụ · Chung cư Sơn Thịnh 3	Marvelous Sea View	10 khách · 3 Phòng ngủ · 2 phòng tắm	2,500,000₫/đêm	Vũng Tàu, Bà Rịa Vũng Tàu, Vietnam	
Biệt Thự	GerberaHome Infinity	10 khách · 3 Phòng ngủ · 4 phòng tắm	9,390,000₫/đêm	Vũng Tàu, Bà Rịa Vũng Tàu, Vietnam	
Biệt Thự	Forny Rose Homestay Vũng Tàu	25 khách · 4 Phòng ngủ · 6 phòng tắm	3,000,000₫/đêm	Vũng Tàu, Bà Rịa Vũng Tàu, Vietnam	
Biệt Thự	Vung Tau Villa Ali11 - Biệt thự Vũng Tàu Ali11	30 khách · 10 Phòng ngủ · 11 phòng tắm	3,200,000₫/đêm	Vũng Tàu, Vietnam	
Nhà riêng	Santoni Homestay Vũng Tàu - 2 Giường 02	5 khách · 1 Phòng ngủ · 1 phòng tắm	640,000₫/đêm	Vũng Tàu, Bà Rịa Vũng Tàu, Vietnam	
Nhà riêng	Santoni Homestay Vũng Tàu - 1 Giường 06	3 khách · 1 Phòng ngủ · 1 phòng tắm	420,000₫/đêm	Vũng Tàu, Bà Rịa Vũng Tàu, Vietnam	
Biệt Thự	Vung Tau Villa Ali6B - Biệt thự Vũng Tàu Ali6B	20 khách · 4 Phòng ngủ · 4 phòng tắm	2,800,000₫/đêm	Vũng Tàu, Bà Rịa Vũng Tàu, Vietnam	
Biệt Thự · Thanh Bình	Huyen Sam Luxury Pool Villa - Vung Tau	15 khách · 5 Phòng ngủ · 6 phòng tắm	8,250,000₫/đêm	Vũng Tàu, Bà Rịa Vũng Tàu, Vietnam	
Biệt Thự	Vung Tau Villa Ali9 - Biệt thự Vũng Tàu Ali9	20 khách · 5 Phòng ngủ · 5 phòng tắm	2,500,000₫/đêm	Vũng Tàu, Bà Rịa Vũng Tàu, Vietnam	
Khác	SunSea Villa - Standard room	2 khách · 1 Phòng ngủ · 1 phòng tắm	1,000,000₫/đêm	Vũng Tàu, Bà Rịa Vũng Tàu, Vietnam	
Biệt Thự	Vung Tau Villa Ali10 - Biệt thự Vũng Tàu Ali10	20 khách · 5 Phòng ngủ · 5 phòng tắm	2,500,000₫/đêm	Vũng Tàu, Vietnam	
Biệt Thự	Ruby Luxury Villa RL03 - CoCo Villa Vũng Tàu	25 khách · 7 Phòng ngủ · 7 phòng tắm	7,500,000₫/đêm	Vũng Tàu, Bà Rịa Vũng Tàu, Vietnam	
Nhà riêng	Santoni Homestay Vũng Tàu - 3 Giường 01	8 khách · 1 Phòng ngủ · 1 phòng tắm	850,000₫/đêm	Vũng Tàu, Bà Rịa Vũng Tàu, Vietnam	
Nhà riêng	HIGH Homestay	4 khách · 1 Phòng ngủ · 1 phòng tắm	260,000₫/đêm	Vũng Tàu, Bà Rịa Vũng Tàu, Vietnam	
Căn hộ chung cư · Vũng Tàu Melody	BHV B924	8 khách · 2 Phòng ngủ · 2 phòng tắm	1,200,000₫/đêm	Vũng Tàu, Bà Rịa Vũng Tàu, Vietnam	
Biệt Thự	Forny Rose Homestay Vũng Tàu 2	25 khách · 5 Phòng ngủ · 6 phòng tắm	2,500,000₫/đêm	Vũng Tàu, Bà Rịa Vũng Tàu, Vietnam	
Biệt Thự	Vung Tau Villa Ali8B - Biệt thự Vũng Tàu Ali8B	14 khách · 5 Phòng ngủ · 4 phòng tắm	3,250,000₫/đêm	Vũng Tàu, Bà Rịa Vũng Tàu, Vietnam	
Căn hộ chung cư	Pooh Homestay 7 - 2 bedrooms with city view	12 khách · 2 Phòng ngủ · 2 phòng tắm	1,200,000₫/đêm	Vũng Tàu, Bà Rịa Vũng Tàu, Vietnam	
Căn hộ chung cư	Up's House	7 khách · 2 Phòng ngủ · 1 phòng tắm	1,100,000₫/đêm	Vũng Tàu, Bà Rịa Vũng Tàu, Vietnam	3	
Căn hộ chung cư	Pooh Homestay 6 - Back Beach Apartment	14 khách · 3 Phòng ngủ · 3 phòng tắm	1,500,000₫/đêm	Vũng Tàu, Bà Rịa Vũng Tàu, Vietnam	
Biệt Thự	| NEN 5 | H.T luxury Villa 300sqm, 2sm Pool	15 khách · 5 Phòng ngủ · 7 phòng tắm	8,000,000₫/đêm	Vũng Tàu, Bà Rịa Vũng Tàu, Vietnam	
Biệt Thự	Mona Villa 02	20 khách · 4 Phòng ngủ · 4 phòng tắm	5,200,000₫/đêm	Vũng Tàu, Bà Rịa Vũng Tàu, Vietnam	
Biệt Thự	Mona Villa 04 – Dinh Thự Gần Biển	40 khách · 7 Phòng ngủ · 7 phòng tắm	5,800,000₫/đêm	Vũng Tàu, Bà Rịa Vũng Tàu, Vietnam	
Căn hộ chung cư · Vũng Tàu Melody	Vung Tau BB Homestay #6 - Melody Luxury Apartment, 5min to sea	7 khách · 1 Phòng ngủ · 1 phòng tắm	392,000₫/đêm 400,000₫	Vũng Tàu, Bà Rịa Vũng Tàu, Vietnam	
Căn hộ chung cư	Homestay 2 BR 2WC - 13FL - OSC LAND have swinging pool	6 khách · 2 Phòng ngủ · 2 phòng tắm	480,000₫/đêm 600,000₫	Vũng Tàu, Bà Rịa Vũng Tàu, Vietnam	3	
Căn hộ chung cư	Homestay giá rẻ gần biển (Cách Bãi Sau 50m)	8 khách · 2 Phòng ngủ · 2 phòng tắm	792,000₫/đêm 990,000₫	Vũng Tàu, Bà Rịa Vũng Tàu, Vietnam	3	
Căn hộ chung cư · Vũng Tàu Melody	Medoly Vũng Tàu 2 phòng ngủ	10 khách · 2 Phòng ngủ · 2 phòng tắm	799,200₫/đêm 999,000₫	Vũng Tàu, Bà Rịa Vũng Tàu, Vietnam	3	
Biệt Thự	Mộc Lan Villa Hồ Bơi	22 khách · 6 Phòng ngủ · 6 phòng tắm	3,600,000₫/đêm 4,500,000₫	Vũng Tàu, Bà Rịa Vũng Tàu, Vietnam	4	
Căn hộ chung cư	Apartment 3 BR - 10 Floor Sea View - 50m to the Back Beach	15 khách · 3 Phòng ngủ · 2 phòng tắm	1,500,000₫/đêm	Vũng Tàu, Bà Rịa Vũng Tàu, Vietnam	1	
Nhà riêng	Raku HomeStay	10 khách · 3 Phòng ngủ · 2 phòng tắm	1,350,000₫/đêm 1,500,000₫	Vũng Tàu, Bà Rịa Vũng Tàu, Vietnam	8	
Nhà riêng	Babylon Homestay in Vung Tau - Phòng tập thể sở hữu sân BBQ riêng	8 khách · 1 Phòng ngủ · 1 phòng tắm	650,000₫/đêm	Vũng Tàu, Bà Rịa Vũng Tàu, Vietnam	3	
Nhà riêng	Babylon - Homestay nguyên căn 5 phòng ngủ sát biển Vũng Tàu	48 khách · 5 Phòng ngủ · 6 phòng tắm	1,500,000₫/đêm	Vũng Tàu, Bà Rịa Vũng Tàu, Vietnam	4	
Căn hộ dịch vụ · Vũng Tàu Melody	Rosana Homestay- Melody Vũng tàu	12 khách · 2 Phòng ngủ · 2 phòng tắm	947,100₫/đêm	Vũng Tàu, Bà Rịa Vũng Tàu, Vietnam	9	
Căn hộ chung cư	Homestay 3BR 2WC - OSC LAND RESINDENCE	10 khách · 3 Phòng ngủ · 2 phòng tắm	1,000,000₫/đêm	Vũng Tàu, Bà Rịa Vũng Tàu, Vietnam	2	
Nhà riêng	Nhà phố 4pn đẹp gần biển 3 phút đi bộ	15 khách · 4 Phòng ngủ · 5 phòng tắm	1,000,000₫/đêm	Vũng Tàu, Bà Rịa Vũng Tàu, Vietnam	2	
Căn hộ dịch vụ	Sun Sea Home 2917 - Lapen Center	8 khách · 2 Phòng ngủ · 2 phòng tắm	1,400,000₫/đêm	Vũng Tàu, Bà Rịa Vũng Tàu, Vietnam	2	
Căn hộ dịch vụ · Vũng Tàu Melody	Căn hộ Vũng Tàu Melody - View đẹp - 2 phòng ngủ - cách biển 3p đi bộ | Your Homestay |	8 khách · 2 Phòng ngủ · 2 phòng tắm	320,000₫/đêm 400,000₫	Vũng Tàu, Bà Rịa Vũng Tàu, Vietnam	2	
Biệt Thự	Villa Xoài Xanh (Trung Tâm TP. Vũng Tàu)	25 khách · 5 Phòng ngủ · 6 phòng tắm	3,500,000₫/đêm	Vũng Tàu, Bà Rịa Vũng Tàu, Vietnam	3	
Nhà riêng	Babylon Homestay sát biển Bãi Sau - Phòng có bếp riêng cho 2 -6 bạn	6 khách · 1 Phòng ngủ · 1 phòng tắm	250,000₫/đêm	Vũng Tàu, Bà Rịa Vũng Tàu, Vietnam	2	
Căn hộ chung cư · Vũng Tàu Melody	Vung Tau Milan Homestay with Seaview 1 (B12-14)	8 khách · 2 Phòng ngủ · 2 phòng tắm	585,000₫/đêm 650,000₫	Vũng Tàu, Bà Rịa Vũng Tàu, Vietnam	8	
Căn hộ chung cư	MEDOLY VŨNG TÀU 2 Phòng Ngủ View Hồ	8 khách · 2 Phòng ngủ · 1 phòng tắm	1,112,000₫/đêm 1,390,000₫	Vũng Tàu, Bà Rịa Vũng Tàu, Vietnam	4	
Căn hộ chung cư	Green House Vung Tau 3	16 khách · 2 Phòng ngủ · 3 phòng tắm	1,300,000₫/đêm	Vũng Tàu, Bà Rịa Vũng Tàu, Vietnam	2	
Căn hộ chung cư	HOMESTAY 3BR 3WC - VUNG TAU BACK BEACH	12 khách · 3 Phòng ngủ · 3 phòng tắm	1,032,000₫/đêm 1,290,000₫	Vũng Tàu, Bà Rịa Vũng Tàu, Vietnam	2	
Nhà riêng	Thủy Tiên's House Vũng Tàu	16 khách · 3 Phòng ngủ · 2 phòng tắm	1,500,000₫/đêm	Vũng Tàu, Bà Rịa Vũng Tàu, Vietnam	2	
Căn hộ chung cư · Vũng Tàu Melody	Tropical House Vung Tau	12 khách · 2 Phòng ngủ · 2 phòng tắm	396,000₫/đêm 440,000₫	Vũng Tàu, Bà Rịa Vũng Tàu, Vietnam	4	
Căn hộ chung cư · Vũng Tàu Melody	Nắng Homestay Vũng Tàu 2	12 khách · 2 Phòng ngủ · 2 phòng tắm	800,000₫/đêm	Vũng Tàu, Bà Rịa Vũng Tàu, Vietnam	3	
Căn hộ chung cư	Happyhouse 2-Seaview, Lakeview, swimming pool	7 khách · 2 Phòng ngủ · 2 phòng tắm	690,000₫/đêm	Vũng Tàu, Bà Rịa Vũng Tàu, Vietnam	6	
Khác	Phòng nhóm view hồ bơi 2_ La Mer homestay	8 khách · 1 Phòng ngủ · 1 phòng tắm	1,000,000₫/đêm	Vũng Tàu, Bà Rịa Vũng Tàu, Vietnam	2	
Căn hộ chung cư · Vũng Tàu Melody	WOW House |NEW + Near Beach + Fully Equip|	8 khách · 2 Phòng ngủ · 1 phòng tắm	360,000₫/đêm 400,000₫	Vũng Tàu, Bà Rịa Vũng Tàu, Vietnam	1	
Căn hộ dịch vụ	Art Homestay Vung Tau - B4. Phòng đơn, gần Bãi trước, Trung Tâm	3 khách · 1 Phòng ngủ · 1 phòng tắm	297,500₫/đêm 350,000₫	Vũng Tàu, Bà Rịa Vũng Tàu, Vietnam	2	
Khác	Phòng đôi view hồ bơi 2_ La Mer homestay	2 khách · 1 Phòng ngủ · 1 phòng tắm	500,000₫/đêm	Vũng Tàu, Bà Rịa Vũng Tàu, Vietnam	2	
Khác	Phòng đôi view hồ bơi 3_ La Mer homestay	2 khách · 1 Phòng ngủ · 1 phòng tắm	500,000₫/đêm	Vũng Tàu, Bà Rịa Vũng Tàu, Vietnam	2	
Biệt Thự	Ngôi Sao Homestay	30 khách · 4 Phòng ngủ · 5 phòng tắm	1,350,000₫/đêm 1,500,000₫	Vũng Tàu, Bà Rịa Vũng Tàu, Vietnam	2	
Nhà riêng	Vung Tau Bamboo Homestay	14 khách · 3 Phòng ngủ · 2 phòng tắm	800,000₫/đêm	Vũng Tàu, Bà Rịa Vũng Tàu, Vietnam	9	
Biệt Thự	FAMILY HOMESTAY VILLA HỒ BƠI 4PN	20 khách · 4 Phòng ngủ · 5 phòng tắm	4,000,000₫/đêm	Vũng Tàu, Bà Rịa Vũng Tàu, Vietnam	1	
Căn hộ dịch vụ	Vũng Tàu Melody Apartment |LUX Homestay|	8 khách · 2 Phòng ngủ · 2 phòng tắm	800,000₫/đêm	Vũng Tàu, Bà Rịa Vũng Tàu, Vietnam	1	
Nhà riêng	Sunrise Boutique Homstay	30 khách · 5 Phòng ngủ · 4 phòng tắm	1,500,000₫/đêm	Vũng Tàu, Bà Rịa Vũng Tàu, Vietnam	1	
Căn hộ chung cư	Căn hộ San hô Vũng Tàu - tầng 20 hướng biển	15 khách · 3 Phòng ngủ · 3 phòng tắm	1,625,000₫/đêm 2,500,000₫	Vũng Tàu, Bà Rịa Vũng Tàu, Vietnam	1	
Căn hộ dịch vụ · Vũng Tàu Melody	Min House, Near Beach, New Equip...	8 khách · 2 Phòng ngủ · 1 phòng tắm	450,000₫/đêm 500,000₫	Vũng Tàu, Bà Rịa Vũng Tàu, Vietnam	4	
Khác	Phòng giường đôi view bể sục, sân vườn 2 Chi Homestay	2 khách · 1 Phòng ngủ · 1 phòng tắm	350,000₫/đêm 500,000₫	Vũng Tàu, Bà Rịa Vũng Tàu, Vietnam	1	
Biệt Thự · Blue Sapphire Resort Vũng Tàu	SunSea Hotel&Villa - Nguyên căn	30 khách · 5 Phòng ngủ · 6 phòng tắm	6,300,000₫/đêm 10,500,000₫	Vũng Tàu, Bà Rịa Vũng Tàu, Vietnam	2	
Căn hộ chung cư	HomeAway - Melody Vung Tau	8 khách · 2 Phòng ngủ · 1 phòng tắm	480,000₫/đêm 600,000₫	Vũng Tàu, Bà Rịa Vũng Tàu, Vietnam	3	
Căn hộ dịch vụ	RedDoorz Deluxe Room Near BEACH, Thang Tam Ward	2 khách · 1 Phòng ngủ · 1 phòng tắm	360,000₫/đêm 450,000₫	Vũng Tàu, Bà Rịa Vũng Tàu, Vietnam	1	
Khác	Phòng nhóm view hồ bơi 1_ La Mer homestay	8 khách · 1 Phòng ngủ · 1 phòng tắm	1,000,000₫/đêm	Vũng Tàu, Bà Rịa Vũng Tàu, Vietnam	1	
Căn hộ chung cư	Jenny 6 Vũng Tàu	12 khách · 2 Phòng ngủ · 2 phòng tắm	590,000₫/đêm	Vũng Tàu, Bà Rịa Vũng Tàu, Vietnam	2	
Căn hộ dịch vụ	Art Homestay Vung Tau - B3. Phòng Đơn, gần Bãi Trước & Trung Tâm	3 khách · 1 Phòng ngủ · 1 phòng tắm	297,500₫/đêm 350,000₫	Vũng Tàu, Bà Rịa Vũng Tàu, Vietnam	11	
Khác	Lamer Homestay 1 - phòng gia đình sân vườn P.1	6 khách · 1 Phòng ngủ · 1 phòng tắm	800,000₫/đêm	Vũng Tàu, Bà Rịa Vũng Tàu, Vietnam	1	
Nhà riêng	Ngõ Nhỏ Homestay - R2	6 khách · 1 Phòng ngủ · 1 phòng tắm	300,000₫/đêm	Vũng Tàu, Bà Rịa Vũng Tàu, Vietnam	10	
Căn hộ Studio	Ba Chim	4 khách · 1 Phòng ngủ · 1 phòng tắm	800,000₫/đêm	Vũng Tàu, Bà Rịa Vũng Tàu, Vietnam	1	
Căn hộ chung cư · Vũng Tàu Melody	Vung Tau Casa Homestay 8	10 khách · 2 Phòng ngủ · 2 phòng tắm	1,200,000₫/đêm	Vũng Tàu, Bà Rịa Vũng Tàu, Vietnam	1	
Khác	Homestay Seaview Vũng Tàu - Phòng ống forest- 1 giường đôi	2 khách · 1 Phòng ngủ · 2 phòng tắm	400,000₫/đêm	Vũng Tàu, Bà Rịa Vũng Tàu, Vietnam	1	
Nhà riêng	H.OM.E - by The Sixtynine Garret - P1	2 khách · 1 Phòng ngủ · 1 phòng tắm	395,000₫/đêm	Vũng Tàu, Bà Rịa Vũng Tàu, Vietnam	2	
Nhà riêng	Mộc Home_Phòng đơn	2 khách · 1 Phòng ngủ · 1 phòng tắm	300,000₫/đêm	Vũng Tàu, Bà Rịa Vũng Tàu, Vietnam	4	
Căn hộ dịch vụ	Art Homestay Vung Tau - B2. Phòng Đơn, gần Bãi Trước & Trung Tâm	4 khách · 1 Phòng ngủ · 1 phòng tắm	297,500₫/đêm 350,000₫	Vũng Tàu, Bà Rịa Vũng Tàu, Vietnam	4	
Nhà riêng	Babylon Homestay sát biển Bãi Sau Vũng Tàu - Blue view ( phòng có ban công, bếp riêng cho 2 -6 bạn)	6 khách · 1 Phòng ngủ · 1 phòng tắm	250,000₫/đêm	Vũng Tàu, Bà Rịa Vũng Tàu, Vietnam	3	
Nhà riêng	Ngõ Nhỏ Homestay - R3	6 khách · 1 Phòng ngủ · 1 phòng tắm	300,000₫/đêm	Vũng Tàu, Bà Rịa Vũng Tàu, Vietnam	2	
Căn hộ chung cư · Vũng Tàu Melody	Lười Lắm Luôn Homestay (Lười Phong Cách)	6 khách · 1 Phòng ngủ · 1 phòng tắm	530,000₫/đêm	Vũng Tàu, Bà Rịa Vũng Tàu, Vietnam	1	
Căn hộ chung cư	Căn hộ San hô Vũng Tàu - tầng 19 hướng biển	15 khách · 3 Phòng ngủ · 3 phòng tắm	1,625,000₫/đêm 2,500,000₫	Vũng Tàu, Bà Rịa Vũng Tàu, Vietnam	1	
Căn hộ chung cư	Căn hộ San hô Vũng Tàu - tầng 3 hướng biển	15 khách · 3 Phòng ngủ · 4 phòng tắm	1,625,000₫/đêm 2,500,000₫	Vũng Tàu, Bà Rịa Vũng Tàu, Vietnam	1	
Căn hộ dịch vụ · Vũng Tàu Melody	ASHIMA Homestay |For your family, near beach and Fully|	10 khách · 2 Phòng ngủ · 2 phòng tắm	540,000₫/đêm 600,000₫	Vũng Tàu, Bà Rịa Vũng Tàu, Vietnam	3	
Căn hộ chung cư	Symphony Homestay - Căn hộ 3 phòng ngủ ấm cúng và hiện đại	10 khách · 3 Phòng ngủ · 2 phòng tắm	1,610,000₫/đêm	Vũng Tàu, Bà Rịa Vũng Tàu, Vietnam	3	
Căn hộ chung cư	Căn hộ San hô Vũng Tàu - tầng Cao hướng biển	15 khách · 3 Phòng ngủ · 3 phòng tắm	1,625,000₫/đêm 2,500,000₫	Vũng Tàu, Bà Rịa Vũng Tàu, Vietnam	1	
Căn hộ dịch vụ	Phòng 1 BED 1WC trong Mộc Lan Villa Hồ Bơi Gần Biến	2 khách · 1 Phòng ngủ · 1 phòng tắm	600,000₫/đêm	Vũng Tàu, Bà Rịa Vũng Tàu, Vietnam	
Căn hộ chung cư · Vũng Tàu Melody	Chung Cư Melody Vũng Tàu - 3 phòng ngủ	15 khách · 3 Phòng ngủ · 2 phòng tắm	1,530,000₫/đêm	Vũng Tàu, Bà Rịa Vũng Tàu, Vietnam	1	
Nhà riêng	Mộc Home_Phòng đôi	6 khách · 1 Phòng ngủ · 1 phòng tắm	530,000₫/đêm	Vũng Tàu, Bà Rịa Vũng Tàu, Vietnam	1	
Căn hộ chung cư · Vũng Tàu Melody	Daisy House - Ngôi Nhà Cúc Dại	7 khách · 1 Phòng ngủ · 1 phòng tắm	520,000₫/đêm	Vũng Tàu, Bà Rịa Vũng Tàu, Vietnam	1	
Nhà riêng	H.OM.E - by The Sixtynine Garret - P2	2 khách · 1 Phòng ngủ · 1 phòng tắm	395,000₫/đêm	Vũng Tàu, Bà Rịa Vũng Tàu, Vietnam	1	
Nhà riêng	Homestay Back Beach Vung Tau	2 khách · 1 Phòng ngủ · 1 phòng tắm	300,000₫/đêm	Vũng Tàu, Bà Rịa Vũng Tàu, Vietnam	
Nhà riêng	Babylon Homestay sát biển Bãi Sau Vũng Tàu - Phòng tập thể cho 6- 12 người	12 khách · 1 Phòng ngủ · 2 phòng tắm	600,000₫/đêm	Vũng Tàu, Bà Rịa Vũng Tàu, Vietnam	
Căn hộ chung cư · Vũng Tàu Melody	Medoly Vũng Tàu 3 phòng ngủ	12 khách · 3 Phòng ngủ · 2 phòng tắm	699,000₫/đêm	Vũng Tàu, Bà Rịa Vũng Tàu, Vietnam	
Biệt Thự	Joy'n Villa	35 khách · 5 Phòng ngủ · 5 phòng tắm	1,890,000₫/đêm 2,100,000₫	Vũng Tàu, Bà Rịa Vũng Tàu, Vietnam	5	
Biệt Thự	Golden Villa Vung Tau	24 khách · 8 Phòng ngủ · 10 phòng tắm	8,000,000₫/đêm	Vũng Tàu, Bà Rịa Vũng Tàu, Vietnam	1	
Căn hộ dịch vụ	Viking House Triple room 2 for 6 people (phòng 2 giường 1 nệm)	6 khách · 1 Phòng ngủ · 1 phòng tắm	350,000₫/đêm	Vũng Tàu, Bà Rịa Vũng Tàu, Vietnam	
Căn hộ dịch vụ	CASSABELLA Luxury Apartments - Căn hộ 1 ngủ , 1 BR Full services #5	3 khách · 1 Phòng ngủ · 1 phòng tắm	570,000₫/đêm	Vũng Tàu, Bà Rịa Vũng Tàu, Vietnam	1	
Căn hộ chung cư	[1810]Căn hộ Melody - 3pn - Đi bộ ra biển	13 khách · 3 Phòng ngủ · 2 phòng tắm	2,000,000₫/đêm	Vũng Tàu, Bà Rịa Vũng Tàu, Vietnam	1	
Nhà riêng	BlaBla Orange 01	2 khách · 1 Phòng ngủ · 1 phòng tắm	198,000₫/đêm 220,000₫	Vũng Tàu, Bà Rịa Vũng Tàu, Vietnam	
Nhà riêng	Sweet Home Vũng Tàu Sát Bãi Sau - Home Decor đẹp - 4 Bedroom - 6 giường Bigsize	22 khách · 4 Phòng ngủ · 3 phòng tắm	760,000₫/đêm 950,000₫	Vũng Tàu, Bà Rịa Vũng Tàu, Vietnam	
Căn hộ chung cư · Vũng Tàu Melody	LiCi HomeStay ( Melody Apartment Vũng Tàu )	15 khách · 2 Phòng ngủ · 2 phòng tắm	800,000₫/đêm	Vũng Tàu, Bà Rịa Vũng Tàu, Vietnam	
Nhà riêng	Minion Homestay - gần Quãng Trường Vũng Tàu, Bãi sau	20 khách · 4 Phòng ngủ · 4 phòng tắm	1,200,000₫/đêm	Vũng Tàu, Bà Rịa Vũng Tàu, Vietnam	
Căn hộ dịch vụ · Blue Sapphire Resort Vũng Tàu	Căn hộ nghỉ dưỡng ấm cúng tại Blue Shapphire Resort	6 khách · 2 Phòng ngủ · 2 phòng tắm	1,500,000₫/đêm	Vũng Tàu, Bà Rịa Vũng Tàu, Vietnam	
Nhà riêng	Lazy House - Vung Tau City	5 khách · 1 Phòng ngủ · 1 phòng tắm	400,000₫/đêm	Vũng Tàu, Bà Rịa Vũng Tàu, Vietnam	3	
Biệt Thự	Vuta villa homestay 1	10 khách · 2 Phòng ngủ · 2 phòng tắm	650,000₫/đêm	Vũng Tàu, Bà Rịa Vũng Tàu, Vietnam	
Căn hộ chung cư · Vũng Tàu Melody	Moonlight Homestay. Tòa nhà Melody cạnh Bãi sau Vũng Tàu	6 khách · 2 Phòng ngủ · 1 phòng tắm	700,000₫/đêm	Vũng Tàu, Bà Rịa Vũng Tàu, Vietnam	
Biệt Thự	Villages hồ bơi LLQ	30 khách · 5 Phòng ngủ · 4 phòng tắm	2,350,000₫/đêm	Vũng Tàu, Bà Rịa Vũng Tàu, Vietnam	1	
Căn hộ chung cư · Vũng Tàu Melody	LiCi Homestay 2	15 khách · 2 Phòng ngủ · 2 phòng tắm	900,000₫/đêm	Vũng Tàu, Bà Rịa Vũng Tàu, Vietnam	
Căn hộ dịch vụ · Vũng Tàu Melody	ANNE'S HOUSE MELODY	8 khách · 2 Phòng ngủ · 2 phòng tắm	850,000₫/đêm	Vũng Tàu, Bà Rịa Vũng Tàu, Vietnam	
Căn hộ dịch vụ	Phuc's house - Apartment with 3 bedrooms 4 wc suitable for family	13 khách · 3 Phòng ngủ · 4 phòng tắm	840,000₫/đêm 1,200,000₫	Vũng Tàu, Bà Rịa Vũng Tàu, Vietnam	
Nhà riêng	BlaBla Orange 05 - Phòng cặp đôi lãng mạn	2 khách · 1 Phòng ngủ · 1 phòng tắm	216,000₫/đêm 240,000₫	Vũng Tàu, Bà Rịa Vũng Tàu, Vietnam	
Biệt Thự · Blue Sapphire Resort Vũng Tàu	Villa Ruby 2 Blue Sapphire Resort	13 khách · 3 Phòng ngủ · 4 phòng tắm	5,550,000₫/đêm	Vũng Tàu, Bà Rịa Vũng Tàu, Vietnam	
Nhà riêng	Joy'n Homestay	30 khách · 4 Phòng ngủ · 4 phòng tắm	1,200,000₫/đêm	Vũng Tàu, Bà Rịa Vũng Tàu, Vietnam	
Căn hộ dịch vụ	CASSABELLA Luxury Apartments - Căn hộ 2 ngủ , 2 BRs Full services #3	5 khách · 2 Phòng ngủ · 2 phòng tắm	1,200,000₫/đêm	Vũng Tàu, Bà Rịa Vũng Tàu, Vietnam	
Căn hộ dịch vụ · Cao ốc Dịch vụ Du lịch Sơn Thịnh 2	Căn hộ nghỉ dưỡng Vũng Tàu	10 khách · 3 Phòng ngủ · 2 phòng tắm	1,500,000₫/đêm	Vũng Tàu, Bà Rịa Vũng Tàu, Vietnam	
Căn hộ Studio	FAMILY HOMESTAY CĂN HỘ VIEW BIỂN	15 khách · 2 Phòng ngủ · 2 phòng tắm	800,000₫/đêm	Vũng Tàu, Bà Rịa Vũng Tàu, Vietnam	
Căn hộ dịch vụ	Vung tau Golf & Sea view PhoenixC23	10 khách · 2 Phòng ngủ · 2 phòng tắm	1,200,000₫/đêm	Vũng Tàu, Bà Rịa Vũng Tàu, Vietnam	
Biệt Thự	VILLA Ô CẤP	30 khách · 3 Phòng ngủ · 4 phòng tắm	2,500,000₫/đêm	Vũng Tàu, Bà Rịa Vũng Tàu, Vietnam	
Căn hộ dịch vụ · Vũng Tàu Melody	Căn hộ Vũng Tàu Melody - View biển - 2 phòng ngủ | Your Homestay |	8 khách · 2 Phòng ngủ · 2 phòng tắm	320,000₫/đêm 400,000₫	Vũng Tàu, Bà Rịa Vũng Tàu, Vietnam	
Khác	Lamer Homestay 1- Phòng 2 người P.3	3 khách · 1 Phòng ngủ · 1 phòng tắm	500,000₫/đêm	Vũng Tàu, Bà Rịa Vũng Tàu, Vietnam	
Căn hộ dịch vụ	VIKING HOUSE Double Room 5 for 4 people	4 khách · 1 Phòng ngủ · 1 phòng tắm	250,000₫/đêm	Vũng Tàu, Bà Rịa Vũng Tàu, Vietnam	
Nhà riêng	cariban-305	2 khách · 1 Phòng ngủ · 1 phòng tắm	600,000₫/đêm	Vũng Tàu, Bà Rịa Vũng Tàu, Vietnam	1	
Căn hộ chung cư · Chung cư Sơn Thịnh	Căn hộ 3 phòng ngủ view biển	12 khách · 3 Phòng ngủ · 3 phòng tắm	1,800,000₫/đêm	Vũng Tàu, Bà Rịa Vũng Tàu, Vietnam	
Căn hộ chung cư	HOMESTAY APARTMENT	4 khách · 2 Phòng ngủ · 2 phòng tắm	1,200,000₫/đêm	Vũng Tàu, Bà Rịa Vũng Tàu, Vietnam	
Căn hộ dịch vụ	CASSABELLA Luxury Apartments - Căn hộ 3 ngủ , 3 BRs Full services #1	8 khách · 3 Phòng ngủ · 3 phòng tắm	1,850,000₫/đêm	Vũng Tàu, Bà Rịa Vũng Tàu, Vietnam	
Căn hộ chung cư · Vũng Tàu Melody	Nắng Homestay Vũng Tàu 1	12 khách · 2 Phòng ngủ · 2 phòng tắm	600,000₫/đêm	Vũng Tàu, Bà Rịa Vũng Tàu, Vietnam	
Căn hộ dịch vụ	CAM HOMESTAY MELODY VUNGTAU - SEA VIEW	15 khách · 3 Phòng ngủ · 2 phòng tắm	1,200,000₫/đêm	Vũng Tàu, Bà Rịa Vũng Tàu, Vietnam	
Căn hộ chung cư · Vũng Tàu Melody	LiCi HomeStay ( B10-9 Melody apartment )	15 khách · 2 Phòng ngủ · 2 phòng tắm	700,000₫/đêm	Vũng Tàu, Bà Rịa Vũng Tàu, Vietnam	
Căn hộ dịch vụ	RedDoorz Standard Room Near BEACH, Thang Tam Ward - VT 2016	2 khách · 1 Phòng ngủ · 1 phòng tắm	336,000₫/đêm 420,000₫	Vũng Tàu, Bà Rịa Vũng Tàu, Vietnam	
Căn hộ dịch vụ	RedDoorz Standard Room Next to BEACH, Vung Tau - VT 2016	2 khách · 1 Phòng ngủ · 1 phòng tắm	336,000₫/đêm 420,000₫	Vũng Tàu, Bà Rịa Vũng Tàu, Vietnam	
Căn hộ chung cư	RedDoorz Deluxe Cozy Room Near Vung Tau BEACH - VT 2016	2 khách · 1 Phòng ngủ · 1 phòng tắm	360,000₫/đêm 450,000₫	Vũng Tàu, Bà Rịa Vũng Tàu, Vietnam	
Căn hộ Studio	RedDoorz Deluxe Cozy Room Next to Vung Tau BEACH - VT 2016	2 khách · 1 Phòng ngủ · 1 phòng tắm	360,000₫/đêm 450,000₫	Vũng Tàu, Bà Rịa Vũng Tàu, Vietnam	
Căn hộ dịch vụ	RedDoorz Family Room Next to Vung Tau BEACH - VT 2016	4 khách · 1 Phòng ngủ · 1 phòng tắm	400,000₫/đêm 500,000₫	Vũng Tàu, Bà Rịa Vũng Tàu, Vietnam	
Căn hộ chung cư	RedDoorz Suite Room 8 pax Next to Vung Tau BEACH - VT 2016	8 khách · 1 Phòng ngủ · 1 phòng tắm	560,000₫/đêm 700,000₫	Vũng Tàu, Bà Rịa Vũng Tàu, Vietnam	
Căn hộ Studio	Luxury Room for 8 pax Next to VUNG TAU BEACH - VT 2016	8 khách · 1 Phòng ngủ · 1 phòng tắm	560,000₫/đêm 700,000₫	Vũng Tàu, Bà Rịa Vũng Tàu, Vietnam	
Căn hộ Studio	FAMILY HOMESTAY CĂN HỘ 1PN 1WC VIEW BIỂN	8 khách · 1 Phòng ngủ · 1 phòng tắm	700,000₫/đêm	Vũng Tàu, Bà Rịa Vũng Tàu, Vietnam	
Căn hộ chung cư · Vũng Tàu Melody	LiCi Homestay 1	15 khách · 2 Phòng ngủ · 2 phòng tắm	700,000₫/đêm	Vũng Tàu, Bà Rịa Vũng Tàu, Vietnam	
Khác	Phòng đôi view hồ bơi 4_ La Mer homestay	2 khách · 1 Phòng ngủ · 1 phòng tắm	500,000₫/đêm	Vũng Tàu, Bà Rịa Vũng Tàu, Vietnam	
Khác	RedDoorz Family Room Next to Vung Tau BEACH - VT 2269	4 khách · 1 Phòng ngủ · 1 phòng tắm	388,080₫/đêm 485,100₫	Vũng Tàu, Bà Rịa Vũng Tàu, Vietnam	
Khác	La Mer Homestay 1 - phòng 2 người P.2	2 khách · 1 Phòng ngủ · 1 phòng tắm	450,000₫/đêm	Vũng Tàu, Bà Rịa Vũng Tàu, Vietnam	
Khác	Phòng đôi view hồ bơi 1_ La Mer homestay	2 khách · 1 Phòng ngủ · 1 phòng tắm	500,000₫/đêm	Vũng Tàu, Bà Rịa Vũng Tàu, Vietnam	
Khác	Convenient Room for 4 Pax Next to Vung Tau BEACH - VT 2269	4 khách · 1 Phòng ngủ · 1 phòng tắm	320,000₫/đêm 400,000₫	Vũng Tàu, Bà Rịa Vũng Tàu, Vietnam	
Khác	La Mer homestay 1- phòng 2 người P.4	3 khách · 1 Phòng ngủ · 1 phòng tắm	500,000₫/đêm	Vũng Tàu, Bà Rịa Vũng Tàu, Vietnam	
Nhà riêng	Lighthouse Homestay	12 khách · 4 Phòng ngủ · 4 phòng tắm	1,400,000₫/đêm	Vũng Tàu, Bà Rịa Vũng Tàu, Vietnam	
Căn hộ dịch vụ · Chung cư Sơn Thịnh	Nguyễn Gia homestay *Vũng Tàu near the Beach	15 khách · 3 Phòng ngủ · 4 phòng tắm	1,000,000₫/đêm	Vũng Tàu, Bà Rịa Vũng Tàu, Vietnam	
Căn hộ chung cư · Vũng Tàu Melody	Un Ricordo Homestay	10 khách · 2 Phòng ngủ · 2 phòng tắm	550,000₫/đêm	Vũng Tàu, Bà Rịa Vũng Tàu, Vietnam	
Căn hộ dịch vụ · Vũng Tàu Melody	MiPu's Melody	12 khách · 2 Phòng ngủ · 2 phòng tắm	500,000₫/đêm	Vũng Tàu, Bà Rịa Vũng Tàu, Vietnam	
Căn hộ dịch vụ · Vũng Tàu Melody	THE HAPPY HOUSE	8 khách · 1 Phòng ngủ · 1 phòng tắm	750,000₫/đêm	Vũng Tàu, Bà Rịa Vũng Tàu, Vietnam	
Căn hộ chung cư · Vũng Tàu Melody	Tiami White Melody Apartment Deluxe	12 khách · 2 Phòng ngủ · 2 phòng tắm	1,300,000₫/đêm	Vũng Tàu, Bà Rịa Vũng Tàu, Vietnam	
Căn hộ chung cư · Chung cư Sơn Thịnh	23D đường Thùy Vân - Homestay	15 khách · 2 Phòng ngủ · 3 phòng tắm	920,000₫/đêm	Vũng Tàu, Bà Rịa Vũng Tàu, Vietnam	
Căn hộ chung cư · Vũng Tàu Melody	Lười Lắm Luôn Homestay (Lười Đỉnh Cao)	6 khách · 2 Phòng ngủ · 2 phòng tắm	683,000₫/đêm	Vũng Tàu, Bà Rịa Vũng Tàu, Vietnam	
Căn hộ dịch vụ · Blue Sapphire Resort Vũng Tàu	Blue Sapphire	4 khách · 2 Phòng ngủ · 2 phòng tắm	1,500,000₫/đêm	Vũng Tàu, Bà Rịa Vũng Tàu, Vietnam	
Căn hộ chung cư · Vũng Tàu Melody	The Little House	8 khách · 2 Phòng ngủ · 2 phòng tắm	800,000₫/đêm	Vũng Tàu, Bà Rịa Vũng Tàu, Vietnam	
Khác	Homestay Seaview Vũng Tàu - Phòng Goldenland- 2 giường đôi	4 khách · 1 Phòng ngủ · 1 phòng tắm	800,000₫/đêm	Vũng Tàu, Bà Rịa Vũng Tàu, Vietnam	
Căn hộ dịch vụ	CASSABELLA Luxury Apartments - Căn hộ 2 ngủ , 2 BRs Full services #1	5 khách · 2 Phòng ngủ · 2 phòng tắm	1,200,000₫/đêm	Vũng Tàu, Bà Rịa Vũng Tàu, Vietnam	
Căn hộ dịch vụ	CASSABELLA Luxury Apartments - Căn hộ 2 ngủ , 2 BRs Full services #2	5 khách · 2 Phòng ngủ · 2 phòng tắm	1,200,000₫/đêm	Vũng Tàu, Bà Rịa Vũng Tàu, Vietnam	
Biệt Thự	Rosemary Villa Homestay	25 khách · 4 Phòng ngủ · 5 phòng tắm	1,500,000₫/đêm	Vũng Tàu, Bà Rịa Vũng Tàu, Vietnam	
Biệt Thự	Homestay Bãi Sau 59	15 khách · 3 Phòng ngủ · 4 phòng tắm	2,000,000₫/đêm	Vũng Tàu, Bà Rịa Vũng Tàu, Vietnam	
Biệt Thự	ÉN SPACE	20 khách · 4 Phòng ngủ · 4 phòng tắm	5,000,000₫/đêm	Vũng Tàu, Bà Rịa Vũng Tàu, Vietnam	
Căn hộ chung cư · Vũng Tàu Melody	Vung Tau Casa Homestay 11	10 khách · 2 Phòng ngủ · 2 phòng tắm	1,200,000₫/đêm	Vũng Tàu, Bà Rịa Vũng Tàu, Vietnam	
Biệt Thự	BIỆT THỰ NGHỈ DƯỠNG VTS	35 khách · 4 Phòng ngủ · 5 phòng tắm	1,900,000₫/đêm	Vũng Tàu, Bà Rịa Vũng Tàu, Vietnam	
Căn hộ dịch vụ · Vũng Tàu Melody	1988 Homestay Vũng Tàu	12 khách · 2 Phòng ngủ · 2 phòng tắm	600,000₫/đêm	Vũng Tàu, Bà Rịa Vũng Tàu, Vietnam	
Căn hộ dịch vụ · Vũng Tàu Melody	Vung Tau Melody Bai Sau Beach	7 khách · 2 Phòng ngủ · 1 phòng tắm	400,000₫/đêm	Vũng Tàu, Bà Rịa Vũng Tàu, Vietnam	
Nhà riêng	Gác Mơ Homestay - phòng đơn 2-3 người	3 khách · 1 Phòng ngủ · 2 phòng tắm	350,000₫/đêm	Vũng Tàu, Bà Rịa Vũng Tàu, Vietnam	
Căn hộ chung cư · Vũng Tàu Melody	Kate Homestay - Melody Apartment Vung Tau	8 khách · 2 Phòng ngủ · 1 phòng tắm	800,000₫/đêm	Vũng Tàu, Bà Rịa Vũng Tàu, Vietnam	
Căn hộ dịch vụ · Vũng Tàu Melody	Nhim's House	10 khách · 2 Phòng ngủ · 1 phòng tắm	714,972₫/đêm	Vũng Tàu, Bà Rịa Vũng Tàu, Vietnam	
Căn hộ chung cư · Blue Sapphire Resort Vũng Tàu	Penthouse Apt * FREE pool	10 khách · 2 Phòng ngủ · 3 phòng tắm	3,500,000₫/đêm	Vũng Tàu, Bà Rịa Vũng Tàu, Vietnam	
Nhà riêng	Gác Mơ Homestay - Dorm	8 khách · 1 Phòng ngủ · 2 phòng tắm	1,000,000₫/đêm	Vũng Tàu, Bà Rịa Vũng Tàu, Vietnam	
Biệt Thự	Vuta Villa Homestay	30 khách · 4 Phòng ngủ · 5 phòng tắm	1,500,000₫/đêm	Vũng Tàu, Bà Rịa Vũng Tàu, Vietnam	
Căn hộ dịch vụ	Thái Quang 8-3	10 khách · 1 Phòng ngủ · 1 phòng tắm	500,000₫/đêm	Vũng Tàu, Bà Rịa Vũng Tàu, Vietnam	
Căn hộ chung cư	[19.10]Melody 02 pn - 5p đi bộ ra Bãi Sau	8 khách · 2 Phòng ngủ · 2 phòng tắm	1,100,000₫/đêm	Vũng Tàu, Bà Rịa Vũng Tàu, Vietnam	
Căn hộ chung cư · Cao ốc Dịch vụ Du lịch Sơn Thịnh 2	Căn hộ San hô Vũng Tàu - Tầng 6	10 khách · 2 Phòng ngủ · 2 phòng tắm	1,625,000₫/đêm 2,500,000₫	Vũng Tàu, Bà Rịa Vũng Tàu, Vietnam	
Căn hộ dịch vụ · Chung cư Sơn Thịnh	D16 - Căn hộ du lịch 3PN view biển sát Bãi Sau	12 khách · 3 Phòng ngủ · 4 phòng tắm	1,200,000₫/đêm	Vũng Tàu, Bà Rịa Vũng Tàu, Vietnam	
Biệt Thự	Little House Villa Vũng Tàu 01	20 khách · 5 Phòng ngủ · 4 phòng tắm	1,890,000₫/đêm 2,100,000₫	Vũng Tàu, Bà Rịa Vũng Tàu, Vietnam	
Căn hộ dịch vụ	Căn hộ San hô Vũng Tàu - tầng Cao hướng biển	15 khách · 3 Phòng ngủ · 3 phòng tắm	1,625,000₫/đêm 2,500,000₫	Vũng Tàu, Bà Rịa Vũng Tàu, Vietnam	
Nhà riêng	Mộng Homestay - Phòng 3	2 khách · 1 Phòng ngủ · 1 phòng tắm	300,000₫/đêm	Vũng Tàu, Bà Rịa Vũng Tàu, Vietnam	
Nhà riêng	Gác Mơ Homestay - Phòng 1	6 khách · 1 Phòng ngủ · 1 phòng tắm	510,000₫/đêm 600,000₫	Vũng Tàu, Bà Rịa Vũng Tàu, Vietnam	
Nhà riêng	Gác Mơ Homestay - Dorm	8 khách · 1 Phòng ngủ · 2 phòng tắm	850,000₫/đêm 1,000,000₫	Vũng Tàu, Bà Rịa Vũng Tàu, Vietnam	
Nhà riêng	Art Homestay Vung Tau- Dorm A. Phòng tập thể gần Bãi Trước & Trung Tâm	11 khách · 1 Phòng ngủ · 2 phòng tắm	680,000₫/đêm 800,000₫	Vũng Tàu, Bà Rịa Vũng Tàu, Vietnam	
Căn hộ chung cư · Vũng Tàu Melody	LiCi Homestay 4	15 khách · 2 Phòng ngủ · 1 phòng tắm	600,000₫/đêm	Vũng Tàu, Bà Rịa Vũng Tàu, Vietnam	
Căn hộ dịch vụ	CASSABELLA Luxury Apartments - Căn hộ 1 ngủ , 1 BR Full services #4	3 khách · 1 Phòng ngủ · 1 phòng tắm	570,000₫/đêm	Vũng Tàu, Bà Rịa Vũng Tàu, Vietnam	
Căn hộ dịch vụ	CASSABELLA Luxury Apartments - Căn hộ 1 ngủ , 1 BR Full services #6	3 khách · 1 Phòng ngủ · 1 phòng tắm	570,000₫/đêm	Vũng Tàu, Bà Rịa Vũng Tàu, Vietnam	
Căn hộ dịch vụ	CASSABELLA Luxury Apartments - Căn hộ 1 ngủ , 1 BR Full services #7	3 khách · 1 Phòng ngủ · 1 phòng tắm	570,000₫/đêm	Vũng Tàu, Bà Rịa Vũng Tàu, Vietnam	
Căn hộ chung cư · Blue Sapphire Resort Vũng Tàu	[608] Căn hộ hồ bơi - Sát biển	10 khách · 2 Phòng ngủ · 2 phòng tắm	1,520,000₫/đêm 1,900,000₫	Vũng Tàu, Bà Rịa Vũng Tàu, Vietnam	
Căn hộ chung cư · Blue Sapphire Resort Vũng Tàu	[912]BEACHFRONT Apt * Private Free Swimming Pool	10 khách · 3 Phòng ngủ · 3 phòng tắm	3,200,000₫/đêm	Vũng Tàu, Bà Rịa Vũng Tàu, Vietnam	
Nhà riêng	Gác Mơ Homestay - phòng gia đình hoặc nhóm bạn	6 khách · 1 Phòng ngủ · 1 phòng tắm	600,000₫/đêm	Vũng Tàu, Bà Rịa Vũng Tàu, Vietnam	
Căn hộ dịch vụ	Thái Quang Vũng Tàu 2- 1	3 khách · 1 Phòng ngủ · 1 phòng tắm	150,000₫/đêm	Vũng Tàu, Bà Rịa Vũng Tàu, Vietnam	
Căn hộ dịch vụ	Thái Quang Vũng Tàu 2-2	3 khách · 1 Phòng ngủ · 1 phòng tắm	150,000₫/đêm	Vũng Tàu, Bà Rịa Vũng Tàu, Vietnam	
Căn hộ dịch vụ	CASSABELLA Luxury Apartments - Căn hộ 1 ngủ , 1 BR Full services #1	3 khách · 1 Phòng ngủ · 1 phòng tắm	570,000₫/đêm	Vũng Tàu, Bà Rịa Vũng Tàu, Vietnam	
Căn hộ dịch vụ	Thái Quang Homestay 2- 3	3 khách · 1 Phòng ngủ · 1 phòng tắm	150,000₫/đêm	Vũng Tàu, Bà Rịa Vũng Tàu, Vietnam	
Căn hộ dịch vụ	Thái Quang 4-1	5 khách · 1 Phòng ngủ · 1 phòng tắm	250,000₫/đêm	Vũng Tàu, Bà Rịa Vũng Tàu, Vietnam	
Căn hộ dịch vụ	Thái Quang 4-2	5 khách · 1 Phòng ngủ · 1 phòng tắm	250,000₫/đêm	Vũng Tàu, Bà Rịa Vũng Tàu, Vietnam	
Nhà riêng	Ngõ Nhỏ Homestay - R4	6 khách · 1 Phòng ngủ · 1 phòng tắm	300,000₫/đêm	Vũng Tàu, Bà Rịa Vũng Tàu, Vietnam	1	
Căn hộ dịch vụ	Thái Quang 4-3	5 khách · 1 Phòng ngủ · 1 phòng tắm	250,000₫/đêm	Vũng Tàu, Bà Rịa Vũng Tàu, Vietnam	
Căn hộ dịch vụ	Thái Quang 4-4	5 khách · 1 Phòng ngủ · 1 phòng tắm	250,000₫/đêm	Vũng Tàu, Bà Rịa Vũng Tàu, Vietnam	
Căn hộ dịch vụ	Thái Quang 4-5	5 khách · 1 Phòng ngủ · 1 phòng tắm	212,500₫/đêm 250,000₫	Vũng Tàu, Bà Rịa Vũng Tàu, Vietnam	
Căn hộ dịch vụ	Thái Quang 4-6	5 khách · 1 Phòng ngủ · 1 phòng tắm	250,000₫/đêm	Vũng Tàu, Bà Rịa Vũng Tàu, Vietnam	
Căn hộ dịch vụ	Thái Quang 6-1	7 khách · 1 Phòng ngủ · 1 phòng tắm	300,000₫/đêm 400,000₫	Vũng Tàu, Bà Rịa Vũng Tàu, Vietnam	
Căn hộ dịch vụ	Thái Quang 6-2	7 khách · 1 Phòng ngủ · 1 phòng tắm	340,000₫/đêm 400,000₫	Vũng Tàu, Bà Rịa Vũng Tàu, Vietnam	
Căn hộ dịch vụ	Thái Quang 6-3	7 khách · 1 Phòng ngủ · 1 phòng tắm	400,000₫/đêm	Vũng Tàu, Bà Rịa Vũng Tàu, Vietnam	
Căn hộ dịch vụ	Thái Quang 8-1	10 khách · 1 Phòng ngủ · 1 phòng tắm	340,000₫/đêm 400,000₫	Vũng Tàu, Bà Rịa Vũng Tàu, Vietnam	
Căn hộ dịch vụ	Thái Quang 8-2	10 khách · 1 Phòng ngủ · 1 phòng tắm	425,000₫/đêm 500,000₫	Vũng Tàu, Bà Rịa Vũng Tàu, Vietnam	
Căn hộ dịch vụ	CASSABELLA Luxury Apartments - Căn hộ 1 ngủ , 1 BR Full services #2	3 khách · 1 Phòng ngủ · 1 phòng tắm	570,000₫/đêm	Vũng Tàu, Bà Rịa Vũng Tàu, Vietnam	
Biệt Thự · Chung cư Sơn Thịnh	Biệt Thự Adi 2	40 khách · 4 Phòng ngủ · 5 phòng tắm	2,000,000₫/đêm	Vũng Tàu, Bà Rịa Vũng Tàu, Vietnam	
Căn hộ chung cư · Vũng Tàu Melody	PETITE KA HOMESTAY	6 khách · 1 Phòng ngủ · 1 phòng tắm	520,000₫/đêm	Vũng Tàu, Bà Rịa Vũng Tàu, Vietnam	
Căn hộ chung cư · Căn hộ OSC LAND	Wota Homestay	8 khách · 2 Phòng ngủ · 1 phòng tắm	800,000₫/đêm	Vũng Tàu, Bà Rịa Vũng Tàu, Vietnam	
Căn hộ chung cư · Chung cư Sơn Thịnh	Căn hộ sát biển - 2pn	10 khách · 2 Phòng ngủ · 2 phòng tắm	670,000₫/đêm	Vũng Tàu, Bà Rịa Vũng Tàu, Vietnam	
Biệt Thự · Chung cư Sơn Thịnh	Biet thu Adi 6	45 khách · 5 Phòng ngủ · 5 phòng tắm	2,000,000₫/đêm	Vũng Tàu, Bà Rịa Vũng Tàu, Vietnam	
Căn hộ dịch vụ	CASSABELLA Luxury Apartments - Căn hộ 1 ngủ , 1 BR Full services #3	3 khách · 1 Phòng ngủ · 1 phòng tắm	570,000₫/đêm	Vũng Tàu, Bà Rịa Vũng Tàu, Vietnam	
Căn hộ dịch vụ	Art Homestay Vung Tau- Dorm B, gần Bãi Trước & Trung Tâm	10 khách · 1 Phòng ngủ · 2 phòng tắm	680,000₫/đêm 800,000₫	Vũng Tàu, Bà Rịa Vũng Tàu, Vietnam	
Căn hộ chung cư · Blue Sapphire Resort Vũng Tàu	[811]Căn hộ view biển - Hồ bơi miễn phí	8 khách · 2 Phòng ngủ · 2 phòng tắm	2,200,000₫/đêm	Vũng Tàu, Bà Rịa Vũng Tàu, Vietnam	
Căn hộ chung cư · Blue Sapphire Resort Vũng Tàu	[603] Căn hộ 2pn - Sát biển - Free hồ bơi	8 khách · 2 Phòng ngủ · 2 phòng tắm	2,300,000₫/đêm	Vũng Tàu, Bà Rịa Vũng Tàu, Vietnam	
Căn hộ chung cư · Blue Sapphire Resort Vũng Tàu	[305]Full Seaview Apt * Free Swimming Pool & BeachFront	7 khách · 2 Phòng ngủ · 2 phòng tắm	2,300,000₫/đêm	Vũng Tàu, Bà Rịa Vũng Tàu, Vietnam	
Nhà riêng	Cỏ Mây Home - Nhà Gỗ	16 khách · 5 Phòng ngủ · 5 phòng tắm	850,000₫/đêm	Vũng Tàu, Bà Rịa Vũng Tàu, Vietnam	
Nhà riêng	Mộng Homestay - Phòng 1	6 khách · 1 Phòng ngủ · 1 phòng tắm	500,000₫/đêm	Vũng Tàu, Bà Rịa Vũng Tàu, Vietnam	
Nhà riêng	Mộng Homestay - Phòng 2	6 khách · 1 Phòng ngủ · 1 phòng tắm	400,000₫/đêm	Vũng Tàu, Bà Rịa Vũng Tàu, Vietnam	
Nhà riêng	Mộc Home	10 khách · 2 Phòng ngủ · 1 phòng tắm	850,000₫/đêm	Vũng Tàu, Bà Rịa Vũng Tàu, Vietnam	
Nhà riêng	H.OM.E - by The Sixtynine Garret - P4	4 khách · 1 Phòng ngủ · 1 phòng tắm	550,000₫/đêm	Vũng Tàu, Bà Rịa Vũng Tàu, Vietnam	
Căn hộ chung cư · Vũng Tàu Melody	LiCi Homestay 3	15 khách · 2 Phòng ngủ · 2 phòng tắm	700,000₫/đêm	Vũng Tàu, Bà Rịa Vũng Tàu, Vietnam	
Khác	cariban-201	2 khách · 1 Phòng ngủ · 1 phòng tắm	600,000₫/đêm	Vũng Tàu, Bà Rịa Vũng Tàu, Vietnam	
Biệt Thự	Homestay Tuyet Dinh Coc	20 khách · 4 Phòng ngủ · 3 phòng tắm	1,900,000₫/đêm	Vũng Tàu, Bà Rịa Vũng Tàu, Vietnam	
Nhà riêng	H.OM.E - by The Sixtynine Garret - P3	4 khách · 1 Phòng ngủ · 1 phòng tắm	450,000₫/đêm	Vũng Tàu, Bà Rịa Vũng Tàu, Vietnam	
Căn hộ dịch vụ	CASSABELLA Luxury Apartments - Căn hộ 3 ngủ , 3 BRs Full services #2	8 khách · 3 Phòng ngủ · 3 phòng tắm	1,850,000₫/đêm	Vũng Tàu, Bà Rịa Vũng Tàu, Vietnam	
Biệt Thự	Villa Sani09	32 khách · 7 Phòng ngủ · 6 phòng tắm	4,000,000₫/đêm	Vũng Tàu, Bà Rịa Vũng Tàu, Vietnam	
Căn hộ chung cư	Căn góc dic phoenix 99m2 có phòng karaoke + chiếu phim mini cao cấp.	10 khách · 3 Phòng ngủ · 2 phòng tắm	1,100,000₫/đêm	Vũng Tàu, Bà Rịa Vũng Tàu, Vietnam	
Căn hộ dịch vụ · Vũng Tàu Melody	Căn hộ Vũng Tàu Melody - 3 phòng ngủ - Sát biển | Your Homestay |	14 khách · 3 Phòng ngủ · 2 phòng tắm	640,000₫/đêm 800,000₫	Vũng Tàu, Bà Rịa Vũng Tàu, Vietnam	
Căn hộ dịch vụ	CASSABELLA Luxury Apartments - Căn hộ 3 ngủ , 3 BRs Full services #3	8 khách · 3 Phòng ngủ · 3 phòng tắm	1,850,000₫/đêm	Vũng Tàu, Bà Rịa Vũng Tàu, Vietnam	
Căn hộ chung cư	MANGO’S HOUSE – CĂN HỘ CHO THUÊ HOMESTAY 95m2 SÁT BIỂN VŨNG TÀU	10 khách · 2 Phòng ngủ · 2 phòng tắm	810,000₫/đêm 900,000₫	Vũng Tàu, Bà Rịa Vũng Tàu, Vietnam	10	
Căn hộ Studio	Cỏ Mây Homestay - Phòng cặp đôi	2 khách · 1 Phòng ngủ · 1 phòng tắm	278,100₫/đêm 309,000₫	Vũng Tàu, Bà Rịa Vũng Tàu, Vietnam	7	
Căn hộ chung cư	Top & perfect seaview - Lablue home 2	4 khách · 1 Phòng ngủ · 1 phòng tắm	430,000₫/đêm	Vũng Tàu, Bà Rịa Vũng Tàu, Vietnam	11	
Căn hộ chung cư	COZY HOMESTAY VUNG TAU @2BRs	8 khách · 2 Phòng ngủ · 2 phòng tắm	950,000₫/đêm	Vũng Tàu, Bà Rịa Vũng Tàu, Vietnam	1	
Căn hộ Studio	Cỏ Mây Homestay - Phòng thành phố	2 khách · 1 Phòng ngủ · 1 phòng tắm	278,100₫/đêm 309,000₫	Vũng Tàu, Bà Rịa Vũng Tàu, Vietnam	1	
Biệt Thự	Rose Villa	10 khách · 2 Phòng ngủ · 2 phòng tắm	2,500,000₫/đêm	Vũng Tàu, Bà Rịa Vũng Tàu, Vietnam	2	
Nhà riêng	Secret Garden - Dorm Room 300m to the beach	13 khách · 1 Phòng ngủ · 2 phòng tắm	800,000₫/đêm	Vũng Tàu, Bà Rịa Vũng Tàu, Vietnam	1	
Nhà riêng	Kim Minh Home - Room 10	2 khách · 1 Phòng ngủ · 1 phòng tắm	900,000₫/đêm	Vũng Tàu, Bà Rịa Vũng Tàu, Vietnam	1	
Khác	Pallet House - Pallet Room	6 khách · 1 Phòng ngủ · 1 phòng tắm	590,000₫/đêm	Vũng Tàu, Bà Rịa Vũng Tàu, Vietnam	2	
Căn hộ dịch vụ	Cỏ mây Boutique- Phòng sun (2.5)	2 khách · 1 Phòng ngủ · 1 phòng tắm	323,100₫/đêm 359,000₫	Vũng Tàu, Bà Rịa Vũng Tàu, Vietnam	3	
Căn hộ dịch vụ	Cỏ mây Boutique- Phòng mùa xuân (1.4)	2 khách · 1 Phòng ngủ · 1 phòng tắm	309,000₫/đêm	Vũng Tàu, Bà Rịa Vũng Tàu, Vietnam	3	
Biệt Thự	Nancy Beach Front Villa	40 khách · 6 Phòng ngủ · 5 phòng tắm	11,800,000₫/đêm	Vũng Tàu, Bà Rịa Vũng Tàu, Vietnam	1	
Căn hộ dịch vụ	Cỏ mây Boutique- Phòng cặp đôi (3.4)	2 khách · 1 Phòng ngủ · 1 phòng tắm	309,000₫/đêm	Vũng Tàu, Bà Rịa Vũng Tàu, Vietnam	3	
Căn hộ dịch vụ	VIKING House Double room 1 for 4 people	4 khách · 1 Phòng ngủ · 1 phòng tắm	250,000₫/đêm	Vũng Tàu, Bà Rịa Vũng Tàu, Vietnam	1	
Căn hộ chung cư · Vũng Tàu Melody	Sun Flower Homestay	8 khách · 2 Phòng ngủ · 2 phòng tắm	1,400,000₫/đêm	Vũng Tàu, Bà Rịa Vũng Tàu, Vietnam	2	
Nhà riêng	Santoni Homestay Vũng Tàu - 3 Giường 02	8 khách · 1 Phòng ngủ · 1 phòng tắm	850,000₫/đêm	Vũng Tàu, Bà Rịa Vũng Tàu, Vietnam	1	
Biệt Thự	Adi Villa 154	50 khách · 6 Phòng ngủ · 6 phòng tắm	4,000,000₫/đêm	Vũng Tàu, Bà Rịa Vũng Tàu, Vietnam	
Căn hộ chung cư	Homestay Vũng Tàu Hoa Nắng	15 khách · 3 Phòng ngủ · 2 phòng tắm	1,600,000₫/đêm	Vũng Tàu, Bà Rịa Vũng Tàu, Vietnam	
Căn hộ chung cư	VUNGTAUREST 145 Apartment 906	12 khách · 2 Phòng ngủ · 2 phòng tắm	800,000₫/đêm	Vũng Tàu, Bà Rịa Vũng Tàu, Vietnam	
Căn hộ chung cư	DIC PHOENIX B-1804	6 khách · 2 Phòng ngủ · 2 phòng tắm	1,800,000₫/đêm	Vũng Tàu, Bà Rịa Vũng Tàu, Vietnam	
Căn hộ chung cư · Blue Sapphire Resort Vũng Tàu	Blue Sea House-Ngôi nhà Biển Xanh	6 khách · 2 Phòng ngủ · 2 phòng tắm	1,790,000₫/đêm	Vũng Tàu, Bà Rịa Vũng Tàu, Vietnam	
Căn hộ dịch vụ · Vũng Tàu Melody	Seaview Melody VT	8 khách · 2 Phòng ngủ · 2 phòng tắm	1,200,000₫/đêm	Vũng Tàu, Bà Rịa Vũng Tàu, Vietnam	
Căn hộ dịch vụ · Chung cư Sơn Thịnh	Son Thinh Apartment 1	12 khách · 2 Phòng ngủ · 3 phòng tắm	1,765,000₫/đêm	Vũng Tàu, Bà Rịa Vũng Tàu, Vietnam	
Biệt Thự	DUBIN VILLA - Khu biệt thự Phương Nam, Vũng Tàu	20 khách · 4 Phòng ngủ · 4 phòng tắm	3,000,000₫/đêm	Vũng Tàu, Bà Rịa Vũng Tàu, Vietnam	
Biệt Thự	Homestay Villa Rio	30 khách · 5 Phòng ngủ · 7 phòng tắm	2,424,900₫/đêm	Vũng Tàu, Bà Rịa Vũng Tàu, Vietnam	
Biệt Thự	Villa hồ bơi view biển 154C7	30 khách · 6 Phòng ngủ · 6 phòng tắm	7,000,000₫/đêm	Vũng Tàu, Bà Rịa Vũng Tàu, Vietnam	
Căn hộ chung cư	Pooh Homestay 3 - Sea Breeze 3 bedrooms apartment	12 khách · 3 Phòng ngủ · 3 phòng tắm	1,800,000₫/đêm	Vũng Tàu, Bà Rịa Vũng Tàu, Vietnam	
Nhà riêng	THIEN HOANG HOMESTAY - BLUE LUCKY HOUSE 200M TO BACK BEACH VUNG TAU	15 khách · 2 Phòng ngủ · 3 phòng tắm	1,500,000₫/đêm	Vũng Tàu, Bà Rịa Vũng Tàu, Vietnam	
Nhà riêng	FORNYROSE HOMESTAY 2	25 khách · 5 Phòng ngủ · 6 phòng tắm	2,000,000₫/đêm	Vũng Tàu, Bà Rịa Vũng Tàu, Vietnam	
Biệt Thự	Green villa	30 khách · 4 Phòng ngủ · 7 phòng tắm	5,883,000₫/đêm	Vũng Tàu, Bà Rịa Vũng Tàu, Vietnam	
Biệt Thự	!@@! 10 bedrooms villa with pool (::)	40 khách · 10 Phòng ngủ · 11 phòng tắm	12,512,011₫/đêm	Vũng Tàu, Bà Rịa Vũng Tàu, Vietnam	
Căn hộ chung cư	Vui Apartment	8 khách · 1 Phòng ngủ · 1 phòng tắm	1,000,000₫/đêm	Vũng Tàu, Bà Rịa Vũng Tàu, Vietnam	
Nhà riêng	Sơn Hà Homestay - Phòng Dorm	12 khách · 1 Phòng ngủ · 1 phòng tắm	2,499,000₫/đêm	Vũng Tàu, Bà Rịa Vũng Tàu, Vietnam	
Biệt Thự	[R12]Seaside Villa Blue Sapphire Resort	15 khách · 3 Phòng ngủ · 4 phòng tắm	5,500,000₫/đêm	Vũng Tàu, Bà Rịa Vũng Tàu, Vietnam	
Biệt Thự	Royal Villa 2 - View biển - Biệt thự nghỉ dưỡng tuyệt vời	30 khách · 6 Phòng ngủ · 6 phòng tắm	8,350,000₫/đêm	Vũng Tàu, Bà Rịa Vũng Tàu, Vietnam	
Nhà riêng	VIKING House triple room 1 for 6 people (phòng 3 giường 6 người)	6 khách · 1 Phòng ngủ · 1 phòng tắm	450,000₫/đêm	Vũng Tàu, Bà Rịa Vũng Tàu, Vietnam	
Nhà riêng	Pallet House - FA2	6 khách · 1 Phòng ngủ · 1 phòng tắm	700,000₫/đêm	Vũng Tàu, Bà Rịa Vũng Tàu, Vietnam	
Căn hộ dịch vụ	XANH Homestay - Room 203	3 khách · 1 Phòng ngủ · 1 phòng tắm	200,000₫/đêm	Vũng Tàu, Bà Rịa Vũng Tàu, Vietnam	
Căn hộ chung cư	VUNGTAUREST 145 Apartment 501	12 khách · 2 Phòng ngủ · 2 phòng tắm	800,000₫/đêm	Vũng Tàu, Bà Rịa Vũng Tàu, Vietnam	
Nhà riêng	Sơn Hà Homestay - Căn Hộ	2 khách · 1 Phòng ngủ · 1 phòng tắm	999,000₫/đêm	Vũng Tàu, Bà Rịa Vũng Tàu, Vietnam	
Căn hộ chung cư · Vũng Tàu Melody	Adi 2 Apartment Vũng tàu	17 khách · 3 Phòng ngủ · 2 phòng tắm	800,000₫/đêm	Vũng Tàu, Bà Rịa Vũng Tàu, Vietnam	
Biệt Thự	Vungtau Moon Villa	30 khách · 7 Phòng ngủ · 7 phòng tắm	4,500,000₫/đêm	Vũng Tàu, Bà Rịa Vũng Tàu, Vietnam	
Nhà riêng	Pallet House - Family Apartment	12 khách · 2 Phòng ngủ · 2 phòng tắm	1,250,000₫/đêm	Vũng Tàu, Bà Rịa Vũng Tàu, Vietnam	
Nhà riêng	Santoni Homestay Vũng Tàu - 1 Giường 05	3 khách · 1 Phòng ngủ · 1 phòng tắm	420,000₫/đêm	Vũng Tàu, Bà Rịa Vũng Tàu, Vietnam	
Nhà riêng	FERN - Homestay Vũng Tàu - Gần biển - Đơn 2 người	2 khách · 1 Phòng ngủ · 1 phòng tắm	400,000₫/đêm	Vũng Tàu, Bà Rịa Vũng Tàu, Vietnam	1	
Nhà riêng	FERN - Homestay Vũng Tàu - Gần biển - 11 phòng dành cho đoàn đông khách	42 khách · 11 Phòng ngủ · 11 phòng tắm	7,000,000₫/đêm	Vũng Tàu, Bà Rịa Vũng Tàu, Vietnam	
Căn hộ chung cư	Nancy Sweet Apartment 5	8 khách · 2 Phòng ngủ · 2 phòng tắm	900,000₫/đêm	Vũng Tàu, Bà Rịa Vũng Tàu, Vietnam	
Căn hộ chung cư · Chung cư Vũng Tàu Plaza	MoiMoi Homestay	12 khách · 3 Phòng ngủ · 2 phòng tắm	1,700,000₫/đêm	Vũng Tàu, Bà Rịa Vũng Tàu, Vietnam	
Căn hộ chung cư	Nancy Sweet Apartment - 5th 3	8 khách · 2 Phòng ngủ · 2 phòng tắm	1,200,000₫/đêm	Vũng Tàu, Bà Rịa Vũng Tàu, Vietnam	
Biệt Thự · Blue Sapphire Resort Vũng Tàu	Ruby Luxury Villa RL09 - D5 Blue Sapphire resort	25 khách · 5 Phòng ngủ · 5 phòng tắm	8,800,000₫/đêm	Vũng Tàu, Bà Rịa Vũng Tàu, Vietnam	
Biệt Thự · Blue Sapphire Resort Vũng Tàu	Ruby Luxury Villa RL10 - S1 Blue Sapphire resort	18 khách · 3 Phòng ngủ · 4 phòng tắm	5,300,000₫/đêm	Vũng Tàu, Bà Rịa Vũng Tàu, Vietnam	
Biệt Thự	Se Villa	25 khách · 4 Phòng ngủ · 5 phòng tắm	2,500,000₫/đêm	Vũng Tàu, Bà Rịa Vũng Tàu, Vietnam	
Nhà riêng · Cao ốc Dịch vụ Du lịch Sơn Thịnh 2	THE GRAND CONDOTEL Vũng Tàu	12 khách · 3 Phòng ngủ · 2 phòng tắm	1,800,000₫/đêm	Vũng Tàu, Bà Rịa Vũng Tàu, Vietnam	
Biệt Thự	Villa Ô Cấp	20 khách · 3 Phòng ngủ · 4 phòng tắm	3,500,000₫/đêm	Vũng Tàu, Bà Rịa Vũng Tàu, Vietnam	
Biệt Thự	WINNER POOL VILLA 6	12 khách · 4 Phòng ngủ · 4 phòng tắm	8,341,341₫/đêm	Vũng Tàu, Bà Rịa Vũng Tàu, Vietnam	
Biệt Thự	STAR VILLA 05 - BIỆT THỰ NGHỈ DƯỠNG CÁCH 150M BÃI SAU - TRUNG TÂM TP.VT	35 khách · 6 Phòng ngủ · 6 phòng tắm	6,000,000₫/đêm	Vũng Tàu, Bà Rịa Vũng Tàu, Vietnam	
Căn hộ dịch vụ · Vũng Tàu Melody	Leo House	6 khách · 1 Phòng ngủ · 1 phòng tắm	550,000₫/đêm	Vũng Tàu, Bà Rịa Vũng Tàu, Vietnam	
Biệt Thự	RUBY DELUXE VILLA RD03	25 khách · 5 Phòng ngủ · 5 phòng tắm	5,295,000₫/đêm	Vũng Tàu, Bà Rịa Vũng Tàu, Vietnam	
Biệt Thự	RUBY DELUXE VILLA RD04	25 khách · 4 Phòng ngủ · 5 phòng tắm	4,350,000₫/đêm	Vũng Tàu, Bà Rịa Vũng Tàu, Vietnam	
Biệt Thự	VILLA SANCTUARY HO TRAM RESORT_HOMELEAD	9 khách · 4 Phòng ngủ · 3 phòng tắm	10,500,000₫/đêm	Vũng Tàu, Bà Rịa Vũng Tàu, Vietnam	
Căn hộ Studio	Spring Homestay and Apartment 3	2 khách · 1 Phòng ngủ · 1 phòng tắm	300,000₫/đêm	Vũng Tàu, Bà Rịa Vũng Tàu, Vietnam	
Nhà riêng	FERN - Homestay Vũng Tàu - Gần biển - Đôi 4 người	6 khách · 1 Phòng ngủ · 1 phòng tắm	600,000₫/đêm	Vũng Tàu, Bà Rịa Vũng Tàu, Vietnam	
Căn hộ dịch vụ	126Condotel Back beach.	127 khách · 58 Phòng ngủ · 99 phòng tắm	600,000₫/đêm	Vũng Tàu, Bà Rịa Vũng Tàu, Vietnam	
Nhà riêng	FERN - Homestay Vũng Tàu - Gần biển - 3 giường	7 khách · 1 Phòng ngủ · 1 phòng tắm	800,000₫/đêm	Vũng Tàu, Bà Rịa Vũng Tàu, Vietnam	
Căn hộ dịch vụ	Cỏ mây Boutique- Phòng hạt mưa (2.3)	2 khách · 1 Phòng ngủ · 1 phòng tắm	309,000₫/đêm	Vũng Tàu, Bà Rịa Vũng Tàu, Vietnam	
Nhà riêng	SAO VIỆT HOUSE 1 - SAO VIỆT NHÀ PHỐ CÁCH BIỂN BÃI SAU 450M	30 khách · 4 Phòng ngủ · 6 phòng tắm	2,500,000₫/đêm	Vũng Tàu, Bà Rịa Vũng Tàu, Vietnam	
Khác	Cỏ mây Boutique- Phòng giành cho 6-7 người (2.2)	7 khách · 1 Phòng ngủ · 1 phòng tắm	620,000₫/đêm	Vũng Tàu, Bà Rịa Vũng Tàu, Vietnam	
Căn hộ dịch vụ	Cỏ mây Boutique- Phòng cây xương rồng (1.3)	2 khách · 1 Phòng ngủ · 1 phòng tắm	278,100₫/đêm 309,000₫	Vũng Tàu, Bà Rịa Vũng Tàu, Vietnam	
Căn hộ dịch vụ	Cỏ mây Boutique- Phòng mùa đông (1.1)	2 khách · 1 Phòng ngủ · 1 phòng tắm	309,000₫/đêm	Vũng Tàu, Bà Rịa Vũng Tàu, Vietnam	
Căn hộ dịch vụ	Cỏ mây Boutique- Phòng trái tim (2.1)	2 khách · 1 Phòng ngủ · 1 phòng tắm	309,000₫/đêm	Vũng Tàu, Bà Rịa Vũng Tàu, Vietnam	
Nhà riêng	Santoni Homestay Vũng Tàu - 1 Giường 03	3 khách · 1 Phòng ngủ · 1 phòng tắm	420,000₫/đêm	Vũng Tàu, Bà Rịa Vũng Tàu, Vietnam	
Căn hộ Studio	Cỏ Mây Homestay - Phòng mùa xuân	4 khách · 1 Phòng ngủ · 1 phòng tắm	431,100₫/đêm 479,000₫	Vũng Tàu, Bà Rịa Vũng Tàu, Vietnam	
Căn hộ Studio	Cỏ Mây Homestay - Phòng 3 giường	8 khách · 1 Phòng ngủ · 1 phòng tắm	521,100₫/đêm 579,000₫	Vũng Tàu, Bà Rịa Vũng Tàu, Vietnam	
Biệt Thự	RUBY DELUXE VILLA RD01	25 khách · 6 Phòng ngủ · 5 phòng tắm	4,120,000₫/đêm	Vũng Tàu, Bà Rịa Vũng Tàu, Vietnam	
Biệt Thự	Sunday Villa Homestay VungTau	20 khách · 5 Phòng ngủ · 6 phòng tắm	2,500,000₫/đêm	Vũng Tàu, Bà Rịa Vũng Tàu, Vietnam	
